date,ticker,betsize_u,betsize_c,betsize_cl,pnl_u,pnl_c,pnl_cl,buysell,trade_open,trade_close
2024-05-06,BYD,16666.666666666668,0,0,-6.760511882998042e-05,-0.0,-0.0,SELL,54.7,54.9
2024-05-06,CLF,16666.666666666668,0,0,-0.0004728271466066734,-0.0,-0.0,BUY,17.78,17.282700000000002
2024-05-06,MORN,16666.666666666668,0,0,0.0001498701532709423,0.0,0.0,BUY,295.99,298.77
2024-05-06,BERY,18666.666666666668,0,0,0.00024746504805260344,0.0,0.0,BUY,59.31,60.12
2024-05-06,BKNG,18666.666666666668,0,0,-0.0002931207985143916,-0.0,-0.0,BUY,3618.72,3563.34309
2024-05-06,BR,18666.666666666668,0,0,6.066666666666571e-05,0.0,0.0,BUY,200.0,200.73
2024-05-06,DLB,18666.666666666668,0,0,-0.000255287430839196,-0.0,-0.0,BUY,82.53,81.4343224464022
2024-05-06,FRPT,18666.666666666668,0,0,-0.00035713355556438555,-0.0,-0.0,BUY,124.62,122.28559887351248
2024-05-06,IPGP,18666.666666666668,0,0,-0.0002666366800535462,-0.0,-0.0,SELL,87.15,88.36
2024-05-06,JLL,18666.666666666668,0,0,0.0006145532954964889,0.0,0.0,BUY,193.44,199.88590400790218
2024-05-06,LYV,18666.666666666668,0,0,6.680907504362912e-05,0.0,0.0,BUY,95.5,95.88
2024-05-06,MKTX,18666.666666666668,0,0,-1.6530795377293842e-05,-0.0,-0.0,SELL,205.94,206.04
2024-05-06,PTC,18666.666666666668,0,0,0.00018833382850446921,0.0,0.0,BUY,176.37,178.22
2024-05-06,RH,18666.666666666668,0,0,0.00017919999999999818,0.0,0.0,BUY,278.0,280.78
2024-05-06,TDC,18666.666666666668,0,0,-0.00019661027238570682,-0.0,-0.0,SELL,37.63,38.01129324374326
2024-05-06,UHAL,18666.666666666668,0,0,9.480886519571674e-05,0.0,0.0,BUY,67.53,67.9
2024-05-06,UHS,18666.666666666668,0,0,-2.623934374507196e-05,-0.0,-0.0,SELL,169.04,169.21
2024-05-06,WMS,18666.666666666668,0,0,0.0002901438184288337,0.0,0.0,BUY,166.84,169.5
2024-05-06,AAP,10000.0,0,0,-0.00015963061304178125,-0.0,-0.0,BUY,76.83,75.63429
2024-05-06,AMP,10000.0,0,0,6.399336650082929e-05,0.0,0.0,BUY,422.1,424.97
2024-05-06,CSGP,10000.0,0,0,-2.8038461538461415e-05,-0.0,-0.0,BUY,91.52,91.3
2024-05-06,DKS,10000.0,0,0,0.00011161546787366049,0.0,0.0,BUY,203.26,205.61
2024-05-06,FWONA,10000.0,0,0,-1.8310701224359404e-05,-0.0,-0.0,SELL,62.89,62.98
2024-05-06,GPS,10000.0,0,0,0.00020280147058823492,0.0,0.0,BUY,21.76,22.21
2024-05-06,HOG,10000.0,0,0,-4.9121263395374115e-05,-0.0,-0.0,SELL,35.46,35.62
2024-05-06,LPX,10000.0,0,0,-0.00014695182326324193,-0.0,-0.0,BUY,75.14,74.06586
2024-05-06,ORCL,10000.0,0,0,0.00016964394395254843,0.0,0.0,BUY,116.33,118.35
2024-05-06,PFG,10000.0,0,0,8.757509157509157e-05,0.0,0.0,BUY,81.9,82.65
2024-05-06,PRU,10000.0,0,0,0.0001537509473869751,0.0,0.0,BUY,113.47,115.26
2024-05-06,STZ,10000.0,0,0,-1.1377494758095742e-05,-0.0,-0.0,BUY,257.54,257.35
2024-05-06,WSM,10000.0,0,0,7.870135983263509e-05,0.0,0.0,BUY,305.92,308.45
2024-05-06,WST,10000.0,0,0,-8.910117570037559e-06,-0.0,-0.0,SELL,366.59,366.77
2024-05-06,CFR,15000.000000000002,0,0,0.00018907859281437137,0.0,0.0,SELL,106.88,105.49
2024-05-06,JCI,15000.000000000002,0,0,0.00026374951830443103,0.0,0.0,BUY,62.28,63.4
2024-05-06,MSA,15000.000000000002,0,0,-2.8711296166117005e-05,-0.0,-0.0,SELL,184.93,185.21
2024-05-06,OSK,15000.000000000002,0,0,4.1774812774382957e-05,0.0,0.0,BUY,116.17,116.54
2024-05-06,DDOG,30000.000000000004,0,0,-0.0008474922279792742,-0.0,-0.0,SELL,123.52,126.96
2024-05-06,HPE,30000.000000000004,0,0,0.0002700211515863693,0.0,0.0,BUY,17.02,17.18
2024-05-06,ADI,16666.666666666668,0,0,0.00026060615143794506,0.0,0.0,BUY,200.17,203.38
2024-05-06,ARES,16666.666666666668,0,0,-0.00031421554342244475,-0.0,-0.0,SELL,132.31,134.75150751301342
2024-05-06,EVR,16666.666666666668,0,0,0.00012015531349351192,0.0,0.0,BUY,191.87,193.33
2024-05-06,AEE,23000.0,0,0,0.00011460567891266491,0.0,0.0,SELL,74.31,73.91
2024-05-06,APH,23000.0,0,0,0.00032548823672871977,0.0,0.0,BUY,123.01,124.8
2024-05-06,AVB,23000.0,0,0,-0.00024381282660332443,-0.0,-0.0,SELL,193.66,195.63544
2024-05-06,ETR,23000.0,0,0,0.00010103041474654294,0.0,0.0,BUY,108.5,109.02
2024-05-06,EXC,23000.0,0,0,-5.2167707499332974e-05,-0.0,-0.0,SELL,37.47,37.54
2024-05-06,KEX,23000.0,0,0,0.00015000532182668315,0.0,0.0,BUY,111.24,112.01
2024-05-06,PNW,23000.0,0,0,-1.2226315789475232e-05,-0.0,-0.0,BUY,76.0,75.99
2024-05-06,PRGO,23000.0,0,0,-0.0002904932080048537,-0.0,-0.0,SELL,32.98,33.38335
2024-05-06,R,23000.0,0,0,3.281413708204086e-05,0.0,0.0,SELL,125.91,125.68
2024-05-06,WSO,23000.0,0,0,0.00017534972257789112,0.0,0.0,BUY,468.6,472.36
2024-05-06,AIG,15000.000000000002,15000.000000000002,16900.0,0.00015516799393249802,0.00015516799393249802,0.00017482260649728107,BUY,79.11,79.96
2024-05-06,JEF,15000.000000000002,15000.000000000002,16900.0,0.00010655793423085289,0.00010655793423085289,0.0001200552725667609,BUY,45.31,45.65
2024-05-06,MTZ,15000.000000000002,15000.000000000002,16900.0,0.0003509701073812509,0.0003509701073812509,0.0003954263209828759,BUY,103.37,105.83
2024-05-06,WWD,15000.000000000002,15000.000000000002,16900.0,0.00024899999999999884,0.00024899999999999884,0.0002805399999999986,BUY,170.0,172.89
2024-05-06,ARW,23333.333333333336,0,0,0.00023356770502225093,0.0,0.0,BUY,125.84,127.15
2024-05-06,AVT,23333.333333333336,0,0,-8.410467988517098e-05,-0.0,-0.0,BUY,49.93,49.77
2024-05-06,FITB,23333.333333333336,0,0,7.072297000088131e-05,0.0,0.0,BUY,37.89,38.02
2024-05-06,MS,23333.333333333336,0,0,4.7420755781162856e-05,0.0,0.0,BUY,94.56,94.79
2024-05-06,PNC,23333.333333333336,0,0,0.00022252320675105388,0.0,0.0,SELL,158.0,156.43
2024-05-06,SLM,23333.333333333336,0,0,-0.0004173579030389808,-0.0,-0.0,BUY,22.21,21.821618898864468
2024-05-06,AKAM,26153.846153846156,0,0,-0.0002748533846153797,-0.0,-0.0,SELL,100.0,101.01090999999998
2024-05-06,EQT,26153.846153846156,0,0,0.0001240549369807274,0.0,0.0,BUY,40.83,41.04
2024-05-06,EXPE,26153.846153846156,0,0,-6.014932908197132e-05,-0.0,-0.0,SELL,115.8,116.02
2024-05-06,HD,26153.846153846156,0,0,-0.0003722924145193939,-0.0,-0.0,BUY,346.0,341.21319035144637
2024-05-06,LW,26153.846153846156,0,0,-0.0003162870590508834,-0.0,-0.0,BUY,85.15,84.15431305877537
2024-05-06,MANH,26153.846153846156,0,0,2.0229700453508193e-05,0.0,0.0,BUY,213.04,213.29
2024-05-06,PVH,26153.846153846156,0,0,3.527796163263175e-05,0.0,0.0,BUY,114.36,114.56
2024-05-06,RBA,26153.846153846156,0,0,-0.00040135524513683053,-0.0,-0.0,BUY,72.29,71.20955829787577
2024-05-06,REGN,26153.846153846156,0,0,1.4108880680905114e-05,0.0,0.0,BUY,958.0,958.9
2024-05-06,RL,26153.846153846156,0,0,-0.0002778036585533428,-0.0,-0.0,BUY,167.91,166.19364000000002
2024-05-06,ROST,26153.846153846156,0,0,0.00029511604546656123,0.0,0.0,BUY,130.95,132.48
2024-05-06,STE,26153.846153846156,0,0,4.837022037979237e-05,0.0,0.0,BUY,208.94,209.41
2024-05-06,TFX,26153.846153846156,0,0,-0.0005616503819285917,-0.0,-0.0,BUY,204.93,200.61112739414077
2024-05-06,ADBE,16428.571428571428,16428.571428571428,18600.0,0.00014080765548004343,0.00014080765548004343,0.00015941875429131876,BUY,489.36,493.75
2024-05-06,DAL,16428.571428571428,16428.571428571428,18600.0,0.0002969587594853186,0.0002969587594853186,0.0003362089607390303,BUY,51.96,52.92
2024-05-06,EPAM,16428.571428571428,16428.571428571428,18600.0,0.00021217912182749926,0.00021217912182749926,0.00024022366662556873,BUY,243.33,246.57
2024-05-06,ETN,16428.571428571428,16428.571428571428,18600.0,0.0002436823042932943,0.0002436823042932943,0.00027589074799119057,BUY,322.33,327.24
2024-05-06,GLOB,16428.571428571428,16428.571428571428,18600.0,0.0004385420000921552,0.0004385420000921552,0.0004965058122782488,BUY,186.02,191.06
2024-05-06,IDXX,16428.571428571428,16428.571428571428,18600.0,-0.00017906435375407483,-0.00017906435375407483,-0.00020273199007635252,BUY,481.85,476.790782504393
2024-05-06,KHC,16428.571428571428,16428.571428571428,18600.0,0.00038527873561424364,0.00038527873561424364,0.00043620253371282194,SELL,36.41,35.541557814382585
2024-05-06,NRG,16428.571428571428,16428.571428571428,18600.0,-0.0002994350884107838,-0.0002994350884107838,-0.00033901259574855696,BUY,77.77,76.3836343671309
2024-05-06,PEN,16428.571428571428,16428.571428571428,18600.0,0.00012577179900989405,0.00012577179900989405,0.00014239554983554962,BUY,209.79,211.48
2024-05-06,SIRI,16428.571428571428,16428.571428571428,18600.0,0.00014989115646258633,0.00014989115646258633,0.0001697028571428586,BUY,3.15,3.18
2024-05-06,VIRT,16428.571428571428,16428.571428571428,18600.0,0.00017588716126166147,0.00017588716126166147,0.00019913485561972455,BUY,22.51,22.76
2024-05-06,VST,16428.571428571428,16428.571428571428,18600.0,-0.0003835169712682671,-0.0003835169712682671,-0.0004342079100793772,BUY,82.31,80.42143727534229
2024-05-06,WDC,16428.571428571428,16428.571428571428,18600.0,0.00013033333333333205,0.00013033333333333205,0.00014755999999999854,BUY,72.0,72.6
2024-05-06,ZG,16428.571428571428,16428.571428571428,18600.0,0.00022064516811911035,0.00022064516811911035,0.0002498087033835493,BUY,40.49,41.05
2024-05-06,HRB,21666.666666666668,0,0,-0.00039339394573481275,-0.0,-0.0,SELL,47.79,48.63859
2024-05-06,KSS,21666.666666666668,0,0,-2.641895398060866e-05,-0.0,-0.0,SELL,24.41,24.43
2024-05-06,LOPE,21666.666666666668,0,0,0.00020181223674920466,0.0,0.0,BUY,136.91,138.24
2024-05-06,MPWR,21666.666666666668,0,0,-0.00030670788462371334,-0.0,-0.0,SELL,719.12,729.0120338764895
2024-05-06,PLNT,21666.666666666668,0,0,-0.0003425583472920137,-0.0,-0.0,SELL,59.7,60.62
2024-05-06,X,21666.666666666668,0,0,-0.00023926796383498338,-0.0,-0.0,SELL,37.2,37.59592468867668
2024-05-07,BYD,9999.999999999998,0,0,-8.96102003642985e-05,-0.0,-0.0,BUY,54.9,54.43
2024-05-07,CLF,9999.999999999998,0,0,-3.298550724637722e-05,-0.0,-0.0,SELL,17.25,17.3
2024-05-07,MORN,9999.999999999998,0,0,3.211798541903688e-05,0.0,0.0,BUY,299.02,300.1
2024-05-07,UAL,9999.999999999998,0,0,-0.00011844652908067529,-0.0,-0.0,BUY,53.3,52.69
2024-05-07,XPO,9999.999999999998,0,0,2.489912399530455e-05,0.0,0.0,SELL,110.73,110.41
2024-05-07,AGNC,15555.555555555557,15555.555555555557,13200.0,0.00026942557594772544,0.00026942557594772544,0.0002286268458756413,BUY,9.61,9.780291271883705
2024-05-07,AZO,15555.555555555557,15555.555555555557,13200.0,2.9975169259076024e-05,2.9975169259076024e-05,2.543607219984451e-05,BUY,2986.71,2993.66
2024-05-07,BERY,15555.555555555557,15555.555555555557,13200.0,0.0001667894348531785,0.0001667894348531785,0.0001415327490039829,BUY,60.24,60.91
2024-05-07,BR,15555.555555555557,15555.555555555557,13200.0,-5.244057090664951e-05,-5.244057090664951e-05,-4.4499570169356866e-05,BUY,201.94,201.34
2024-05-07,CDW,15555.555555555557,15555.555555555557,13200.0,-0.0001230865785935281,-0.0001230865785935281,-0.00010444775383507956,BUY,222.29,220.62
2024-05-07,FND,15555.555555555557,15555.555555555557,13200.0,-0.0001499255492461682,-0.0001499255492461682,-0.000127222537503177,BUY,117.99,116.9
2024-05-07,FNF,15555.555555555557,15555.555555555557,13200.0,0.0002857843673072369,0.0002857843673072369,0.00024250844882928385,BUY,52.06,53.03726262470095
2024-05-07,FRPT,15555.555555555557,15555.555555555557,13200.0,-0.00032916351849239593,-0.00032916351849239593,-0.0002793187571206902,BUY,122.78,120.23102434853952
2024-05-07,IPGP,15555.555555555557,15555.555555555557,13200.0,0.000178293518100115,0.000178293518100115,0.00015129478535924043,BUY,88.52,89.57
2024-05-07,JLL,15555.555555555557,15555.555555555557,13200.0,-0.00016135896025818225,-0.00016135896025818225,-0.00013692460341908607,BUY,192.4,190.48118017440666
2024-05-07,LII,15555.555555555557,15555.555555555557,13200.0,6.208388577437676e-05,6.208388577437676e-05,5.268261164282828e-05,BUY,469.13,471.19
2024-05-07,NSA,15555.555555555557,15555.555555555557,13200.0,-6.962801932367091e-05,-6.962801932367091e-05,-5.9084347826086454e-05,BUY,36.8,36.65
2024-05-07,PCTY,15555.555555555557,15555.555555555557,13200.0,-0.00018266949917818167,-0.00018266949917818167,-0.000155008117874057,BUY,171.03,169.09
2024-05-07,PTC,15555.555555555557,15555.555555555557,13200.0,5.506148381609786e-05,5.506148381609786e-05,4.672360198108875e-05,BUY,177.68,178.38
2024-05-07,TPX,15555.555555555557,15555.555555555557,13200.0,-0.00016437526113682492,-0.00016437526113682492,-0.00013948415016467713,SELL,52.46,52.99335982709386
2024-05-07,UHAL,15555.555555555557,15555.555555555557,13200.0,-1.3047827994734793e-05,-1.3047827994734793e-05,-1.107201404124638e-05,BUY,68.37,68.34
2024-05-07,UHS,15555.555555555557,15555.555555555557,13200.0,-0.00011200510675994548,-0.00011200510675994548,-9.50443334505823e-05,BUY,170.58,169.42
2024-05-07,WMS,15555.555555555557,15555.555555555557,13200.0,-0.00010281201130166084,-0.00010281201130166084,-8.72433353045522e-05,BUY,169.1,168.05
2024-05-07,AAP,11666.666666666668,0,0,-3.7641094661284346e-05,-0.0,-0.0,SELL,74.3,74.51
2024-05-07,AMP,11666.666666666668,0,0,-3.8076678716178406e-05,-0.0,-0.0,BUY,426.02,424.8
2024-05-07,DKS,11666.666666666668,0,0,-0.0001489826523994814,-0.0,-0.0,BUY,205.6,203.05674
2024-05-07,GPS,11666.666666666668,0,0,-0.00033510496134103474,-0.0,-0.0,BUY,23.04,22.38743157348879
2024-05-07,HOG,11666.666666666668,0,0,-1.7731243001119542e-05,-0.0,-0.0,BUY,35.72,35.68
2024-05-07,LPX,11666.666666666668,0,0,9.201403794774253e-05,0.0,0.0,SELL,73.61,73.0
2024-05-07,ORCL,11666.666666666668,0,0,-1.5542372881355876e-05,-0.0,-0.0,BUY,118.0,117.89
2024-05-07,PFG,11666.666666666668,0,0,-7.915568405413019e-05,-0.0,-0.0,BUY,83.01,82.48
2024-05-07,PRU,11666.666666666668,0,0,4.37492465340601e-06,0.0,0.0,BUY,116.13,116.22
2024-05-07,STZ,11666.666666666668,0,0,-5.768675781500515e-05,-0.0,-0.0,BUY,259.65,258.47
2024-05-07,WSM,11666.666666666668,0,0,-0.00018469927231111558,-0.0,-0.0,BUY,308.74,303.97571999999997
2024-05-07,WST,11666.666666666668,0,0,7.372256166553375e-06,0.0,0.0,BUY,368.25,368.63
2024-05-07,CFR,12000.0,0,0,-0.0001739237914691926,-0.0,-0.0,SELL,105.5,106.98687999999999
2024-05-07,JCI,12000.0,0,0,0.00015942840962718217,0.0,0.0,BUY,63.57,64.44
2024-05-07,MSA,12000.0,0,0,0.00019917694748401095,0.0,0.0,BUY,185.21,188.35821420362615
2024-05-07,OSK,12000.0,0,0,-4.791377245509e-05,-0.0,-0.0,BUY,116.9,116.48
2024-05-07,PAYC,12000.0,0,0,0.00013758220795597798,0.0,0.0,BUY,174.46,176.53
2024-05-07,DDOG,20000.0,0,0,-0.0003199128542762809,-0.0,-0.0,BUY,113.26,111.49363750623343
2024-05-07,EBAY,20000.0,0,0,-0.00025811494252872926,-0.0,-0.0,SELL,49.59,50.21015999999999
2024-05-07,HPE,20000.0,0,0,-0.0003184069767441877,-0.0,-0.0,BUY,17.2,16.933049999999998
2024-05-07,ADI,9999.999999999998,9999.999999999998,8500.0,-5.240602386074755e-05,-5.240602386074755e-05,-4.454512028163543e-05,BUY,204.52,203.53
2024-05-07,ARES,9999.999999999998,9999.999999999998,8500.0,0.00019794725961211644,0.00019794725961211644,0.00016825517067029901,BUY,137.03,139.79728329846483
2024-05-07,EVR,9999.999999999998,9999.999999999998,8500.0,-7.621314019659679e-06,-7.621314019659679e-06,-6.478116916710728e-06,BUY,193.3,193.23
2024-05-07,MAA,9999.999999999998,9999.999999999998,8500.0,-0.00013942873696407907,-0.00013942873696407907,-0.00011851442641946725,BUY,138.08,136.21
2024-05-07,NTNX,9999.999999999998,9999.999999999998,8500.0,8.558912573370377e-05,8.558912573370377e-05,7.275075687364822e-05,BUY,64.74,65.32
2024-05-07,APH,19166.666666666668,0,0,-5.520000000000036e-05,-0.0,-0.0,BUY,125.0,124.69
2024-05-07,AVB,19166.666666666668,0,0,-7.105495064617947e-05,-0.0,-0.0,BUY,196.54,195.89
2024-05-07,CHDN,19166.666666666668,0,0,0.0003851046208224869,0.0,0.0,BUY,135.98,138.76655859162304
2024-05-07,EIX,19166.666666666668,0,0,8.881859410430957e-05,0.0,0.0,BUY,73.5,73.87
2024-05-07,ETR,19166.666666666668,0,0,0.00014605796573095075,0.0,0.0,BUY,109.72,110.6
2024-05-07,HAS,19166.666666666668,0,0,-4.220120120120103e-05,-0.0,-0.0,SELL,61.05,61.16
2024-05-07,KEX,19166.666666666668,0,0,0.00029545496757682916,0.0,0.0,BUY,112.28,114.05571289180138
2024-05-07,MRNA,19166.666666666668,0,0,0.0002747007976558689,0.0,0.0,SELL,122.86,121.05
2024-05-07,PRGO,19166.666666666668,0,0,-0.00020483929777908411,-0.0,-0.0,BUY,32.24,31.908338489022732
2024-05-07,R,19166.666666666668,0,0,-4.579259495013792e-05,-0.0,-0.0,BUY,125.68,125.43
2024-05-07,WFC,19166.666666666668,0,0,8.231364742315003e-06,0.0,0.0,SELL,60.28,60.23
2024-05-07,WSO,19166.666666666668,0,0,-0.00025348127913599194,-0.0,-0.0,BUY,474.07,467.99
2024-05-07,AIG,10000.0,0,0,4.727091385114997e-06,0.0,0.0,BUY,80.21,80.28
2024-05-07,ETSY,10000.0,0,0,6.012311638345601e-05,0.0,0.0,BUY,62.38,62.78
2024-05-07,FHN,10000.0,0,0,0.0001094215500945178,0.0,0.0,SELL,15.87,15.69
2024-05-07,JEF,10000.0,0,0,-2.586270222999594e-05,-0.0,-0.0,BUY,45.74,45.64
2024-05-07,MTZ,10000.0,0,0,-6.701137966707436e-05,-0.0,-0.0,BUY,106.33,105.66
2024-05-07,WWD,10000.0,0,0,0.000174256644330702,0.0,0.0,BUY,173.08,176.1652660000758
2024-05-07,ARMK,15555.555555555557,0,0,-0.00014083933532002007,-0.0,-0.0,BUY,30.67,30.404583130511536
2024-05-07,ARW,15555.555555555557,0,0,-5.015068158839724e-05,-0.0,-0.0,BUY,127.48,127.12
2024-05-07,BK,15555.555555555557,0,0,-1.1640388559929637e-05,-0.0,-0.0,BUY,57.42,57.4
2024-05-07,CSL,15555.555555555557,0,0,0.0002731562997308593,0.0,0.0,BUY,405.0,412.2738193751356
2024-05-07,FITB,15555.555555555557,0,0,-7.13934421459938e-05,-0.0,-0.0,BUY,38.19,38.03
2024-05-07,MS,15555.555555555557,0,0,0.00013307636840380113,0.0,0.0,BUY,94.92,95.77
2024-05-07,PNC,15555.555555555557,0,0,8.094594441614265e-05,0.0,0.0,SELL,157.04,156.16
2024-05-07,RCL,15555.555555555557,0,0,-0.00012721350991521416,-0.0,-0.0,BUY,142.71,141.6
2024-05-07,SLM,15555.555555555557,0,0,-0.0002871308596633587,-0.0,-0.0,SELL,21.72,22.112228717478523
2024-05-07,AKAM,15454.545454545456,0,0,-1.529685531219037e-05,-0.0,-0.0,BUY,101.73,101.67
2024-05-07,AMT,15454.545454545456,0,0,-0.00011693939393939326,-0.0,-0.0,SELL,180.0,181.29
2024-05-07,CCI,15454.545454545456,0,0,0.00011977599579828091,0.0,0.0,SELL,96.93,96.14
2024-05-07,DXC,15454.545454545456,0,0,-0.0001306897372516709,-0.0,-0.0,BUY,19.86,19.7
2024-05-07,EGP,15454.545454545456,0,0,-0.00013850673813525633,-0.0,-0.0,SELL,159.75,161.1178115622834
2024-05-07,EQT,15454.545454545456,0,0,-0.00012733455079951906,-0.0,-0.0,BUY,40.82,40.5
2024-05-07,FIVN,15454.545454545456,0,0,-0.0002538329786885784,-0.0,-0.0,SELL,55.54,56.43
2024-05-07,GNTX,15454.545454545456,0,0,-1.7216319034509728e-06,-0.0,-0.0,BUY,34.65,34.66
2024-05-07,MANH,15454.545454545456,0,0,0.000148637270101067,0.0,0.0,BUY,214.62,216.77
2024-05-07,MOH,15454.545454545456,0,0,0.00016445830563343612,0.0,0.0,BUY,345.97,349.79
2024-05-07,ODFL,15454.545454545456,0,0,-0.00027514895832811767,-0.0,-0.0,SELL,181.57,184.73
2024-05-07,PLD,15454.545454545456,0,0,-0.0001673031437479913,-0.0,-0.0,SELL,106.48,107.59010697770087
2024-05-07,PVH,15454.545454545456,0,0,-0.00019835573122529737,-0.0,-0.0,BUY,115.0,113.57
2024-05-07,QGEN,15454.545454545456,0,0,-5.671045815464333e-05,-0.0,-0.0,SELL,42.82,42.96
2024-05-07,RBA,15454.545454545456,0,0,-0.00019767717160339168,-0.0,-0.0,SELL,71.02,71.9
2024-05-07,REXR,15454.545454545456,0,0,-0.0001686560571120764,-0.0,-0.0,SELL,44.84,45.31140466829389
2024-05-07,RNR,15454.545454545456,0,0,5.375690571910289e-05,0.0,0.0,BUY,224.32,225.19
2024-05-07,ROST,15454.545454545456,0,0,-0.00015854074763286107,-0.0,-0.0,BUY,132.88,131.57
2024-05-07,STE,15454.545454545456,0,0,0.0001876976724093253,0.0,0.0,BUY,210.44,213.08
2024-05-07,SYK,15454.545454545456,0,0,-0.00016646269852490473,-0.0,-0.0,SELL,327.93,331.33099999999996
2024-05-07,TFX,15454.545454545456,0,0,-3.883402736466302e-06,-0.0,-0.0,SELL,201.72,201.69
2024-05-07,UBER,15454.545454545456,0,0,-0.0003836156572718412,-0.0,-0.0,BUY,72.64,70.86597214831475
2024-05-07,ALK,12777.77777777778,0,0,-0.00011367087638729356,-0.0,-0.0,BUY,43.55,43.18
2024-05-07,DAL,12777.77777777778,0,0,9.592890934663644e-06,0.0,0.0,BUY,52.14,52.2
2024-05-07,EPAM,12777.77777777778,0,0,9.240554546066286e-05,0.0,0.0,BUY,247.65,249.54
2024-05-07,EQIX,12777.77777777778,0,0,-0.00021536842783689622,-0.0,-0.0,SELL,698.21,709.69899
2024-05-07,ETN,12777.77777777778,0,0,-3.626597448687646e-05,-0.0,-0.0,BUY,328.11,327.31
2024-05-07,GLOB,12777.77777777778,0,0,0.00015299337533210386,0.0,0.0,BUY,191.54,193.91
2024-05-07,IDXX,12777.77777777778,0,0,-0.00019380882274385513,-0.0,-0.0,SELL,478.41,485.47498999999993
2024-05-07,KHC,12777.77777777778,0,0,5.58755853257708e-06,0.0,0.0,SELL,35.83,35.8
2024-05-07,NFG,12777.77777777778,0,0,-7.402678144428048e-06,-0.0,-0.0,BUY,55.76,55.75
2024-05-07,NRG,12777.77777777778,0,0,-0.0002333690425155122,-0.0,-0.0,BUY,77.85,76.45931374227396
2024-05-07,PEG,12777.77777777778,0,0,-1.043592474263421e-05,-0.0,-0.0,BUY,71.99,71.96
2024-05-07,PEN,12777.77777777778,0,0,-0.00017857053981972873,-0.0,-0.0,BUY,212.89,210.0
2024-05-07,SIRI,12777.77777777778,0,0,-0.00020601956673654896,-0.0,-0.0,BUY,3.18,3.13
2024-05-07,SPOT,12777.77777777778,0,0,5.9954122734050844e-05,0.0,0.0,BUY,296.54,298.05
2024-05-07,VIRT,12777.77777777778,0,0,-0.00021926155783046541,-0.0,-0.0,BUY,22.9,22.516205155922965
2024-05-07,VST,12777.77777777778,0,0,-0.00011765669240669083,-0.0,-0.0,BUY,82.88,82.15
2024-05-07,WDC,12777.77777777778,0,0,-0.00016648200255334672,-0.0,-0.0,BUY,72.28,71.36717397999128
2024-05-07,ZG,12777.77777777778,0,0,0.0003544770068467315,0.0,0.0,BUY,41.22,42.38
2024-05-07,DT,14444.444444444445,14444.444444444445,12200.0,8.745228533180474e-05,8.745228533180474e-05,7.38635456110166e-05,BUY,46.48,46.78
2024-05-07,GWRE,14444.444444444445,14444.444444444445,12200.0,0.000160797364085667,0.000160797364085667,0.0001358119275123557,BUY,115.33,116.66
2024-05-07,HRB,14444.444444444445,14444.444444444445,12200.0,0.0002784723791144765,0.0002784723791144765,0.00023520205559053478,BUY,48.93,49.89288647377417
2024-05-07,LOPE,14444.444444444445,14444.444444444445,12200.0,0.00024607541989082345,0.00024607541989082345,0.0002078390854154801,BUY,137.65,140.0500641071673
2024-05-07,MPWR,14444.444444444445,14444.444444444445,12200.0,-0.00026049367617421345,-0.00026049367617421345,-0.0002200169664917587,BUY,726.09,713.286
2024-05-07,NVCR,14444.444444444445,14444.444444444445,12200.0,-0.00011660471724921946,-0.00011660471724921946,-9.848613810741767e-05,BUY,15.64,15.52
2024-05-07,PLNT,14444.444444444445,14444.444444444445,12200.0,0.0002818275830545027,0.0002818275830545027,0.00023803591245680306,BUY,60.77,61.98
2024-05-07,TEAM,14444.444444444445,14444.444444444445,12200.0,-0.00023305468754792404,-0.00023305468754792404,-0.00019684157455970817,SELL,181.13,183.98
2024-05-07,X,14444.444444444445,14444.444444444445,12200.0,-1.335022571719669e-05,-1.335022571719669e-05,-1.1275806028832281e-05,BUY,38.15,38.13
2024-05-08,BYD,24999.999999999996,0,0,0.0003918847006651873,0.0,0.0,SELL,54.12,53.25
2024-05-08,UAL,24999.999999999996,0,0,4.176957831325274e-05,0.0,0.0,SELL,53.12,53.01
2024-05-08,AGNC,17500.0,0,0,-9.939704329461262e-05,-0.0,-0.0,SELL,9.47,9.52
2024-05-08,AZO,17500.0,0,0,-0.00012900503490331333,-0.0,-0.0,BUY,2991.12,2970.26676
2024-05-08,BERY,17500.0,0,0,0.00015154060286608388,0.0,0.0,BUY,60.71,61.26
2024-05-08,CDW,17500.0,0,0,3.027116186333143e-05,0.0,0.0,SELL,220.68,220.21
2024-05-08,DLB,17500.0,0,0,-5.770014485755866e-05,-0.0,-0.0,BUY,82.84,82.6
2024-05-08,FNF,17500.0,0,0,-0.0001533251131336269,-0.0,-0.0,BUY,52.01,51.57512176376686
2024-05-08,FRPT,17500.0,0,0,0.0002204985509646426,0.0,0.0,SELL,120.77,119.2
2024-05-08,IPGP,17500.0,0,0,0.00010964030727519273,0.0,0.0,BUY,88.52,89.11
2024-05-08,JLL,17500.0,0,0,-0.0003002180851063836,-0.0,-0.0,SELL,188.0,191.15
2024-05-08,MKTX,17500.0,0,0,-0.00020207623094226353,-0.0,-0.0,SELL,200.05,202.28
2024-05-08,NSA,17500.0,0,0,-8.41137427705884e-05,-0.0,-0.0,BUY,36.31,36.15
2024-05-08,PCTY,17500.0,0,0,-1.2201212625573317e-05,-0.0,-0.0,SELL,168.23,168.28
2024-05-08,RH,17500.0,0,0,-0.0003721171303074664,-0.0,-0.0,SELL,273.2,278.9
2024-05-08,TDC,17500.0,0,0,3.039316239316255e-05,0.0,0.0,SELL,32.76,32.69
2024-05-08,TPX,17500.0,0,0,0.00037410653325485566,0.0,0.0,BUY,50.97,52.08
2024-05-08,WMS,17500.0,0,0,2.6244286138319275e-05,0.0,0.0,SELL,168.45,168.13
2024-05-08,AMP,20000.0,0,0,-8.24896515958693e-05,-0.0,-0.0,SELL,424.22,425.8
2024-05-08,CSGP,20000.0,0,0,-0.0002148411804352475,-0.0,-0.0,BUY,92.01,91.05842714940765
2024-05-08,DKS,20000.0,0,0,0.0004784703541583751,0.0,0.0,SELL,201.04,196.15
2024-05-08,FWONA,20000.0,0,0,0.0005915076568938263,0.0,0.0,BUY,63.97,65.8875252405749
2024-05-08,GPS,20000.0,0,0,-0.00039926478616924454,-0.0,-0.0,SELL,21.98,22.41
2024-05-08,PFG,20000.0,0,0,-0.00019532514292665377,-0.0,-0.0,SELL,82.21,82.98
2024-05-08,WSM,20000.0,0,0,-0.0003293333333333329,-0.0,-0.0,SELL,300.0,304.82
2024-05-08,CFR,15000.000000000002,15000.000000000002,16900.0,0.00020452631578947425,0.00020452631578947425,0.00023043298245614097,BUY,105.45,106.93
2024-05-08,JCI,15000.000000000002,15000.000000000002,16900.0,0.0001472982347475991,0.0001472982347475991,0.00016595601114896162,BUY,64.58,65.24
2024-05-08,MSA,15000.000000000002,15000.000000000002,16900.0,-3.712033195020639e-05,-3.712033195020639e-05,-4.182224066389919e-05,BUY,187.98,187.59
2024-05-08,PAYC,15000.000000000002,15000.000000000002,16900.0,-0.00021794317953762596,-0.00021794317953762596,-0.00024554931561239187,BUY,174.35,171.88651377650766
2024-05-08,DDOG,10000.0,0,0,-0.00021139263803680834,-0.0,-0.0,SELL,114.1,116.46634999999998
2024-05-08,EBAY,10000.0,0,0,-2.2086816720256493e-05,-0.0,-0.0,BUY,49.76,49.67
2024-05-08,HPE,10000.0,0,0,-0.00022127063061159094,-0.0,-0.0,SELL,16.77,17.134362847535638
2024-05-08,JWN,10000.0,0,0,-0.00016676703967446606,-0.0,-0.0,SELL,19.66,19.98
2024-05-08,PANW,10000.0,0,0,-3.6843842852381475e-07,-0.0,-0.0,BUY,302.9,303.01
2024-05-08,TGT,10000.0,0,0,-4.0477987421384436e-05,-0.0,-0.0,SELL,159.0,159.58
2024-05-08,ARES,16666.666666666668,0,0,0.0002771253822629961,0.0,0.0,BUY,136.25,138.57
2024-05-08,MAA,16666.666666666668,0,0,0.0003442105263157877,0.0,0.0,SELL,135.85,132.99
2024-05-08,NTNX,16666.666666666668,0,0,0.00016368675311467118,0.0,0.0,BUY,65.55,66.22
2024-05-08,AEP,12777.77777777778,0,0,0.00010154813578185868,0.0,0.0,BUY,89.85,90.6
2024-05-08,ATO,12777.77777777778,0,0,2.462688055855718e-05,0.0,0.0,BUY,120.31,120.59
2024-05-08,CCK,12777.77777777778,0,0,7.59933466400534e-05,0.0,0.0,BUY,83.5,84.03
2024-05-08,CHDN,12777.77777777778,0,0,0.00013324285218289835,0.0,0.0,BUY,137.61,139.1
2024-05-08,EIX,12777.77777777778,0,0,1.5685489096853214e-05,0.0,0.0,BUY,73.73,73.85
2024-05-08,ETR,12777.77777777778,0,0,4.3495597218448614e-05,0.0,0.0,BUY,110.41,110.83
2024-05-08,EVRG,12777.77777777778,0,0,5.602658160552851e-05,0.0,0.0,BUY,54.34,54.6
2024-05-08,EXC,12777.77777777778,0,0,-1.1868264880428813e-05,-0.0,-0.0,BUY,37.82,37.8
2024-05-08,KEX,12777.77777777778,0,0,0.0003081104793583822,0.0,0.0,BUY,112.93,115.69825241656939
2024-05-08,MRNA,12777.77777777778,0,0,-0.00023119097164264968,-0.0,-0.0,SELL,119.82,121.94
2024-05-08,PPL,12777.77777777778,0,0,8.058524532297976e-05,0.0,0.0,BUY,28.33,28.52
2024-05-08,PRGO,12777.77777777778,0,0,-0.0003003030280586527,-0.0,-0.0,SELL,30.3,30.999989876100823
2024-05-08,R,12777.77777777778,0,0,-9.952566058951106e-05,-0.0,-0.0,SELL,124.51,125.43
2024-05-08,SYF,12777.77777777778,0,0,-0.00012386894839074575,-0.0,-0.0,SELL,45.19,45.61
2024-05-08,TDG,12777.77777777778,0,0,-7.2484643581564654e-06,-0.0,-0.0,BUY,1315.23,1315.01
2024-05-08,WAB,12777.77777777778,0,0,9.523792902850653e-05,0.0,0.0,BUY,164.26,165.55
2024-05-08,WFC,12777.77777777778,0,0,-0.00011570527385240404,-0.0,-0.0,SELL,60.15,60.67060999999999
2024-05-08,WSO,12777.77777777778,0,0,-2.8615247506399253e-05,-0.0,-0.0,SELL,467.53,468.39
2024-05-08,WWD,60000.00000000001,0,0,0.00036244067796609706,0.0,0.0,BUY,177.0,178.14
2024-05-08,ARMK,17500.0,0,0,-0.0003170589030963956,-0.0,-0.0,SELL,31.14,31.69172767099553
2024-05-08,AVT,17500.0,0,0,0.00048744742540798055,0.0,0.0,BUY,50.81,52.24559278199883
2024-05-08,COF,17500.0,0,0,-9.813941867830362e-05,-0.0,-0.0,SELL,142.09,142.83
2024-05-08,DFS,17500.0,0,0,-0.00010238724373576335,-0.0,-0.0,SELL,122.92,123.59
2024-05-08,MS,17500.0,0,0,3.1509902546367917e-05,0.0,0.0,BUY,95.43,95.64
2024-05-08,OMC,17500.0,0,0,0.00012840010598834205,0.0,0.0,BUY,94.35,95.08
2024-05-08,PNC,17500.0,0,0,-0.00025913455470410183,-0.0,-0.0,SELL,155.29,157.52737
2024-05-08,RCL,17500.0,0,0,-0.00019425923812241402,-0.0,-0.0,SELL,140.18,141.68
2024-05-08,AMT,18888.88888888889,0,0,0.00014989558828069528,0.0,0.0,BUY,179.95,181.45
2024-05-08,EGP,18888.88888888889,0,0,5.46098139868633e-05,0.0,0.0,BUY,161.04,161.57
2024-05-08,EXPE,18888.88888888889,0,0,7.68150398030691e-05,0.0,0.0,SELL,111.94,111.44
2024-05-08,HD,18888.88888888889,0,0,-4.767774563632817e-06,-0.0,-0.0,SELL,338.78,338.73
2024-05-08,LSXMA,18888.88888888889,0,0,-4.540904030282842e-05,-0.0,-0.0,SELL,24.95,25.0
2024-05-08,LW,18888.88888888889,0,0,-0.00022558884904583622,-0.0,-0.0,BUY,85.11,84.12758045599635
2024-05-08,MANH,18888.88888888889,0,0,-8.381586152489714e-05,-0.0,-0.0,BUY,215.49,214.62
2024-05-08,MOH,18888.88888888889,0,0,-0.0003834256119834809,-0.0,-0.0,BUY,352.19,345.1817701378814
2024-05-08,PLD,18888.88888888889,0,0,-0.0002858076983013867,-0.0,-0.0,BUY,106.95,105.37452
2024-05-08,PVH,18888.88888888889,0,0,-0.0002408138671720762,-0.0,-0.0,SELL,112.56,113.95
2024-05-08,RBA,18888.88888888889,0,0,9.263676406724862e-05,0.0,0.0,BUY,71.64,72.02
2024-05-08,REGN,18888.88888888889,0,0,-0.0002754763033989743,-0.0,-0.0,BUY,969.9,956.1429
2024-05-08,REXR,18888.88888888889,0,0,-0.0002061811159419715,-0.0,-0.0,BUY,44.72,44.24974814385691
2024-05-08,RNR,18888.88888888889,0,0,0.00015111111111110997,0.0,0.0,BUY,225.0,226.89
2024-05-08,ROST,18888.88888888889,0,0,-0.00017555251488660657,-0.0,-0.0,SELL,131.55,132.72
2024-05-08,STE,18888.88888888889,0,0,-0.0002960201469550766,-0.0,-0.0,BUY,213.32,210.06225058978757
2024-05-08,SYK,18888.88888888889,0,0,-0.00015380019146699834,-0.0,-0.0,BUY,331.94,329.37
2024-05-08,UBER,18888.88888888889,0,0,-0.0005297328534483007,-0.0,-0.0,SELL,64.5,66.28308189074552
2024-05-08,ALK,20909.090909090908,0,0,-0.0001836202772780185,-0.0,-0.0,SELL,42.95,43.31
2024-05-08,DAL,20909.090909090908,0,0,-0.0001996453369787499,-0.0,-0.0,SELL,52.16,52.637172993673595
2024-05-08,EPAM,20909.090909090908,0,0,0.00011232741070183368,0.0,0.0,BUY,247.74,249.17
2024-05-08,EQIX,20909.090909090908,0,0,-0.0002839122198948559,-0.0,-0.0,BUY,701.36,692.1171899999999
2024-05-08,IDXX,20909.090909090908,0,0,-0.0002264111790872959,-0.0,-0.0,BUY,481.8,476.7756157959702
2024-05-08,NRG,20909.090909090908,0,0,-0.000435008124363147,-0.0,-0.0,SELL,74.08,75.59158287122192
2024-05-08,SIRI,20909.090909090908,0,0,0.00025970163170163196,0.0,0.0,SELL,3.12,3.08
2024-05-08,VIRT,20909.090909090908,0,0,-9.263673004112195e-05,-0.0,-0.0,SELL,22.33,22.42
2024-05-08,VST,20909.090909090908,0,0,-0.0005002128567889751,-0.0,-0.0,SELL,81.78,83.70372922482707
2024-05-08,WDC,20909.090909090908,0,0,-0.00045910563298564883,-0.0,-0.0,SELL,70.51,72.03
2024-05-08,ZG,20909.090909090908,0,0,-0.0003789437729320514,-0.0,-0.0,BUY,41.92,41.17703516271988
2024-05-08,HRB,21666.666666666668,0,0,-0.00026302805949965824,-0.0,-0.0,BUY,49.3,48.721230000000006
2024-05-08,KSS,21666.666666666668,0,0,-0.0002929098603470186,-0.0,-0.0,SELL,23.63,23.94
2024-05-08,LOPE,21666.666666666668,0,0,0.0005506984336523864,0.0,0.0,BUY,145.0,148.74344336367366
2024-05-08,MPWR,21666.666666666668,0,0,-0.0006324616991070284,-0.0,-0.0,SELL,691.04,710.9354147331194
2024-05-08,PLNT,21666.666666666668,0,0,0.0001715061688135243,0.0,0.0,BUY,61.33,61.84
2024-05-08,TEAM,21666.666666666668,0,0,-0.0003771156619394033,-0.0,-0.0,BUY,181.21,178.12846265692127
2024-05-09,BYD,12499.999999999998,0,0,-0.00022354416167664663,-0.0,-0.0,SELL,53.44,54.37432
2024-05-09,CLF,12499.999999999998,0,0,-0.00018865846551545414,-0.0,-0.0,SELL,17.19,17.442567121776854
2024-05-09,MORN,12499.999999999998,0,0,-0.00010788759951423549,-0.0,-0.0,SELL,296.44,298.88
2024-05-09,XPO,12499.999999999998,0,0,0.00020762712627126273,0.0,0.0,BUY,111.11,113.0
2024-05-09,AZO,17500.0,0,0,-3.556499922751988e-05,-0.0,-0.0,SELL,2977.42,2982.28
2024-05-09,BERY,17500.0,0,0,-0.0001500849781817632,-0.0,-0.0,BUY,60.53,60.03508950118045
2024-05-09,BKNG,17500.0,0,0,0.0005228120761111201,0.0,0.0,BUY,3640.0,3750.200911831113
2024-05-09,BR,17500.0,0,0,-0.00011464178482068453,-0.0,-0.0,SELL,191.84,193.02
2024-05-09,EXR,17500.0,0,0,-0.0001849287943218133,-0.0,-0.0,SELL,141.69,143.13061319242615
2024-05-09,FND,17500.0,0,0,-0.00023085718869207127,-0.0,-0.0,SELL,115.76,117.24078332359967
2024-05-09,FNF,17500.0,0,0,0.000516519417243015,0.0,0.0,BUY,50.72,52.23730884814661
2024-05-09,FRPT,17500.0,0,0,5.7586478778728076e-05,0.0,0.0,SELL,119.22,118.78
2024-05-09,JLL,17500.0,0,0,0.000165113233074883,0.0,0.0,BUY,192.17,194.06
2024-05-09,LII,17500.0,0,0,0.00029974910483803667,0.0,0.0,BUY,480.36,488.78
2024-05-09,MKTX,17500.0,0,0,0.00023285650667986238,0.0,0.0,BUY,202.1,204.87
2024-05-09,NSA,17500.0,0,0,-0.00017790529154989177,-0.0,-0.0,SELL,36.4,36.75548300642377
2024-05-09,PCTY,17500.0,0,0,0.0004599856174967293,0.0,0.0,SELL,168.26,163.77
2024-05-09,RH,17500.0,0,0,0.0009129327707051918,0.0,0.0,BUY,279.64,294.34
2024-05-09,TPX,17500.0,0,0,0.0005930957854406128,0.0,0.0,BUY,52.2,53.99
2024-05-09,UPS,17500.0,0,0,-4.636412749867088e-06,-0.0,-0.0,BUY,148.08,148.1
2024-05-09,CSGP,20000.0,0,0,-0.00015132965821389006,-0.0,-0.0,SELL,90.7,91.35
2024-05-09,DKS,20000.0,0,0,-0.00039451881316612467,-0.0,-0.0,SELL,196.22,200.01213607597285
2024-05-09,HOG,20000.0,0,0,-0.00019148623853211145,-0.0,-0.0,SELL,33.79,34.1
2024-05-09,LPX,20000.0,0,0,-0.0004021049000847833,-0.0,-0.0,BUY,88.15,86.41298265287632
2024-05-09,ORCL,20000.0,0,0,0.00013000153335037095,0.0,0.0,SELL,117.39,116.58
2024-05-09,PFG,20000.0,0,0,9.311953773925647e-05,0.0,0.0,BUY,83.07,83.49
2024-05-09,WSM,20000.0,0,0,0.0006514554950384854,0.0,0.0,BUY,305.75,315.83142588040084
2024-05-09,CFR,12000.0,0,0,3.3387944590041565e-05,0.0,0.0,BUY,106.84,107.18
2024-05-09,JCI,12000.0,0,0,3.5505343511450174e-05,0.0,0.0,BUY,65.5,65.72
2024-05-09,MSA,12000.0,0,0,-9.399713398144761e-05,-0.0,-0.0,SELL,188.15,189.54853672988412
2024-05-09,PAYC,12000.0,0,0,-0.00012206384364820895,-0.0,-0.0,SELL,171.92,173.6
2024-05-09,PSX,12000.0,0,0,5.725348030210172e-05,0.0,0.0,BUY,146.97,147.73
2024-05-09,DDOG,12000.0,0,0,-0.00022324043688087434,-0.0,-0.0,BUY,118.11,115.96
2024-05-09,EBAY,12000.0,0,0,-0.00010530075133319253,-0.0,-0.0,SELL,49.77,50.18682686615442
2024-05-09,HPE,12000.0,0,0,-0.00011623354614045279,-0.0,-0.0,BUY,17.23,17.07
2024-05-09,PANW,12000.0,0,0,0.00012487113846977425,0.0,0.0,SELL,298.91,295.68
2024-05-09,TGT,12000.0,0,0,-0.00015316302057200184,-0.0,-0.0,SELL,159.44,161.41125
2024-05-09,ADI,12499.999999999998,0,0,1.0891643440419741e-05,0.0,0.0,BUY,204.51,204.77
2024-05-09,ARES,12499.999999999998,0,0,0.0003869477058509707,0.0,0.0,BUY,138.34,142.67776365019387
2024-05-09,MAA,12499.999999999998,0,0,-0.00021261019249097372,-0.0,-0.0,SELL,133.59,135.80877164918954
2024-05-09,NTNX,12499.999999999998,0,0,0.00025553466243770004,0.0,0.0,BUY,66.21,67.59
2024-05-09,AEP,19166.666666666668,0,0,0.00031370601386094345,0.0,0.0,BUY,89.46,90.96
2024-05-09,APH,19166.666666666668,0,0,0.0001254036817882965,0.0,0.0,BUY,126.75,127.63
2024-05-09,AVB,19166.666666666668,0,0,-0.0001437948032348333,-0.0,-0.0,SELL,195.51,196.8985780163709
2024-05-09,CHDN,19166.666666666668,0,0,-0.00024338408250492078,-0.0,-0.0,BUY,138.82,137.11275
2024-05-09,ETR,19166.666666666668,0,0,0.000101283978465517,0.0,0.0,BUY,110.83,111.46
2024-05-09,KEX,19166.666666666668,0,0,8.199029799029903e-05,0.0,0.0,BUY,115.44,115.98
2024-05-09,PNW,19166.666666666668,0,0,0.0001900052219321165,0.0,0.0,BUY,76.6,77.39
2024-05-09,PPL,19166.666666666668,0,0,0.00025443010752688213,0.0,0.0,BUY,28.52,28.91
2024-05-09,PRGO,19166.666666666668,0,0,-2.6191151202747653e-05,-0.0,-0.0,BUY,31.04,31.01
2024-05-09,SYF,19166.666666666668,0,0,0.00023654833040421722,0.0,0.0,BUY,45.52,46.1
2024-05-09,WAB,19166.666666666668,0,0,0.00023356936544435182,0.0,0.0,BUY,165.26,167.34
2024-05-09,WFC,19166.666666666668,0,0,0.00016904280540006435,0.0,0.0,BUY,60.74,61.3
2024-05-09,FHN,20000.0,0,0,5.517119393556627e-05,0.0,0.0,BUY,15.83,15.88
2024-05-09,JEF,20000.0,0,0,7.068852459016381e-05,0.0,0.0,BUY,45.75,45.93
2024-05-09,WWD,20000.0,0,0,7.93851669280754e-05,0.0,0.0,BUY,178.52,179.3
2024-05-09,ARMK,15555.555555555557,15555.555555555557,17600.0,8.127777777777765e-05,8.127777777777765e-05,9.195999999999984e-05,BUY,32.0,32.18
2024-05-09,AVT,15555.555555555557,15555.555555555557,17600.0,-0.00014024481460207927,-0.00014024481460207927,-0.00015867699023549542,BUY,52.23,51.78
2024-05-09,BOKF,15555.555555555557,15555.555555555557,17600.0,-3.2804395552232224e-05,-3.2804395552232224e-05,-3.711583039623988e-05,BUY,93.63,93.47
2024-05-09,COF,15555.555555555557,15555.555555555557,17600.0,-2.1487733071637376e-05,-2.1487733071637376e-05,-2.4311835132481143e-05,BUY,142.66,142.52
2024-05-09,CSL,15555.555555555557,15555.555555555557,17600.0,0.00034069229492902095,0.00034069229492902095,0.0003854689965482637,BUY,408.49,417.6
2024-05-09,FITB,15555.555555555557,15555.555555555557,17600.0,8.278225689929155e-05,8.278225689929155e-05,9.366221066319845e-05,BUY,38.45,38.67
2024-05-09,PNC,15555.555555555557,15555.555555555557,17600.0,0.00012149497541158875,0.00012149497541158875,0.00013746288646568328,BUY,155.9,157.18
2024-05-09,RCL,15555.555555555557,15555.555555555557,17600.0,7.980538223986904e-05,7.980538223986904e-05,9.029408961996611e-05,BUY,141.04,141.82
2024-05-09,SLM,15555.555555555557,15555.555555555557,17600.0,9.367584097859368e-05,9.367584097859368e-05,0.00010598752293578026,BUY,21.8,21.94
2024-05-09,CCI,20000.0,0,0,0.00040500347577182794,0.0,0.0,BUY,97.82,99.84
2024-05-09,CVS,20000.0,0,0,-0.0002921530054644813,-0.0,-0.0,SELL,54.9,55.68
2024-05-09,EQT,20000.0,0,0,7.164161274265634e-05,0.0,0.0,SELL,40.18,40.02
2024-05-09,FIVN,20000.0,0,0,0.0002756095764272545,0.0,0.0,SELL,54.3,53.53
2024-05-09,GNTX,20000.0,0,0,-3.088984263233548e-05,-0.0,-0.0,BUY,34.95,34.91
2024-05-09,HD,20000.0,0,0,-0.00014748165572726923,-0.0,-0.0,SELL,339.25,341.6159575852738
2024-05-09,LW,20000.0,0,0,-0.00013283495378705942,-0.0,-0.0,SELL,83.31,83.83
2024-05-09,MANH,20000.0,0,0,-0.00019752942815998438,-0.0,-0.0,SELL,215.27,217.31
2024-05-09,MIDD,20000.0,0,0,-0.0003940881253922139,-0.0,-0.0,BUY,138.25,135.58116583322632
2024-05-09,MOH,20000.0,0,0,-0.00031404837538837006,-0.0,-0.0,SELL,344.39,349.66
2024-05-09,PLD,20000.0,0,0,-0.00021677066368529886,-0.0,-0.0,SELL,106.5,107.61170378412422
2024-05-09,REGN,20000.0,0,0,-0.0001889105972342344,-0.0,-0.0,SELL,959.59,968.27
2024-05-09,RL,20000.0,0,0,-0.0002765074174992386,-0.0,-0.0,SELL,165.15,167.36719999999997
2024-05-09,RNR,20000.0,0,0,-0.00011196933785629384,-0.0,-0.0,BUY,226.99,225.81
2024-05-09,ROST,20000.0,0,0,0.0002715941375422751,0.0,0.0,BUY,133.05,134.91
2024-05-09,STE,20000.0,0,0,-0.00015447087162609943,-0.0,-0.0,SELL,222.99,224.6230769831952
2024-05-09,SYK,20000.0,0,0,-3.342295935352798e-05,-0.0,-0.0,SELL,330.41,330.83
2024-05-09,ADBE,14375.0,0,0,0.00019809238164320296,0.0,0.0,SELL,489.41,482.47
2024-05-09,ALK,14375.0,0,0,0.0002274481460023184,0.0,0.0,BUY,43.15,43.85
2024-05-09,EQIX,14375.0,0,0,-0.0001333514086447113,-0.0,-0.0,SELL,778.0,784.9060101513451
2024-05-09,ETN,14375.0,0,0,0.00013843560606060617,0.0,0.0,BUY,330.0,333.31
2024-05-09,FLS,14375.0,0,0,9.986224489795902e-05,0.0,0.0,BUY,49.0,49.36
2024-05-09,GLOB,14375.0,0,0,0.0005074712877353234,0.0,0.0,SELL,179.54,173.13
2024-05-09,IDXX,14375.0,0,0,0.00036607815188007036,0.0,0.0,BUY,488.28,500.91
2024-05-09,MKC,14375.0,0,0,5.126348492860866e-05,0.0,0.0,SELL,75.64,75.34
2024-05-09,NRG,14375.0,0,0,0.0005085641686611991,0.0,0.0,BUY,75.97,78.68808329691765
2024-05-09,PEG,14375.0,0,0,0.00019830526460860003,0.0,0.0,BUY,72.56,73.59
2024-05-09,PEN,14375.0,0,0,-0.0004544002753999368,-0.0,-0.0,SELL,204.02,210.38755681301532
2024-05-09,PPC,14375.0,0,0,0.00010631317204301041,0.0,0.0,BUY,37.2,37.49
2024-05-09,SIRI,14375.0,0,0,4.107410423452669e-05,0.0,0.0,SELL,3.07,3.06
2024-05-09,VST,14375.0,0,0,0.000562772558538923,0.0,0.0,BUY,89.56,93.10204384993015
2024-05-09,WDC,14375.0,0,0,4.025960200389726e-05,0.0,0.0,BUY,71.86,72.09
2024-05-09,ZG,14375.0,0,0,-0.0003400434388593496,-0.0,-0.0,SELL,41.38,42.342299999999994
2024-05-09,GWRE,16250.0,0,0,-7.761902514374053e-05,-0.0,-0.0,SELL,116.53,117.04
2024-05-09,HRB,16250.0,0,0,-0.00021736508753862085,-0.0,-0.0,SELL,48.55,49.18
2024-05-09,ICUI,16250.0,0,0,0.0008635515040273773,0.0,0.0,BUY,100.69,106.08110682710871
2024-05-09,LOPE,16250.0,0,0,0.00023766983954310355,0.0,0.0,BUY,147.08,149.29
2024-05-09,MPWR,16250.0,0,0,-0.00012949735082628936,-0.0,-0.0,BUY,713.43,708.03
2024-05-09,NVCR,16250.0,0,0,-6.664805675509172e-05,-0.0,-0.0,BUY,16.21,16.15
2024-05-09,TEAM,16250.0,0,0,1.0652777777777573e-05,0.0,0.0,SELL,180.0,179.81
2024-05-09,X,16250.0,0,0,-3.196356751110047e-05,-0.0,-0.0,BUY,38.29,38.23
2024-05-10,BYD,12499.999999999998,12499.999999999998,10600.0,-6.729235880398744e-05,-6.729235880398744e-05,-5.706392026578134e-05,BUY,54.18,53.91
2024-05-10,CLF,12499.999999999998,12499.999999999998,10600.0,-4.817789291882719e-05,-4.817789291882719e-05,-4.085485319516546e-05,BUY,17.37,17.31
2024-05-10,MORN,12499.999999999998,12499.999999999998,10600.0,-4.59247319012445e-05,-4.59247319012445e-05,-3.8944172652255345e-05,BUY,299.33,298.35
2024-05-10,XPO,12499.999999999998,12499.999999999998,10600.0,0.00014424383125497572,0.00014424383125497572,0.00012231876890421943,BUY,113.07,114.42
2024-05-10,AGNC,12727.272727272728,12727.272727272728,10800.0,8.084321475625543e-06,8.084321475625543e-06,6.860124223602247e-06,BUY,9.66,9.67
2024-05-10,AZO,12727.272727272728,12727.272727272728,10800.0,-0.00011804947591281974,-0.00011804947591281974,-0.0001001734124174499,BUY,3002.71,2976.06
2024-05-10,BKNG,12727.272727272728,12727.272727272728,10800.0,8.310474676810381e-05,8.310474676810381e-05,7.052031368607666e-05,BUY,3780.85,3807.05
2024-05-10,BR,12727.272727272728,12727.272727272728,10800.0,7.474903705919741e-05,7.474903705919741e-05,6.342989716166181e-05,BUY,194.48,195.7
2024-05-10,CBRE,12727.272727272728,12727.272727272728,10800.0,0.0003293420336914823,0.0003293420336914823,0.0002794702400182007,BUY,87.91,90.22
2024-05-10,CDW,12727.272727272728,12727.272727272728,10800.0,1.6114525722847686e-05,1.6114525722847686e-05,1.3674326113387894e-05,BUY,222.07,222.44
2024-05-10,EXR,12727.272727272728,12727.272727272728,10800.0,2.274537874127727e-05,2.274537874127727e-05,1.9301078531883853e-05,BUY,146.31,146.63
2024-05-10,FND,12727.272727272728,12727.272727272728,10800.0,8.774728719556258e-05,8.774728719556258e-05,7.445984084880596e-05,BUY,120.64,121.52
2024-05-10,FNF,12727.272727272728,12727.272727272728,10800.0,-0.00012255083812553452,-0.00012255083812553452,-0.00010399313978081072,BUY,52.01,51.53
2024-05-10,JLL,12727.272727272728,12727.272727272728,10800.0,0.00011694603942299673,0.00011694603942299673,9.923706773894294e-05,BUY,193.98,195.84
2024-05-10,LII,12727.272727272728,12727.272727272728,10800.0,8.558316941063699e-05,8.558316941063699e-05,7.262343232845483e-05,BUY,491.27,494.77
2024-05-10,LYV,12727.272727272728,12727.272727272728,10800.0,0.00021786666412366637,0.00021786666412366637,0.00018487542641351117,BUY,95.33,97.0
2024-05-10,MHK,12727.272727272728,12727.272727272728,10800.0,2.2604863499405553e-05,2.2604863499405553e-05,1.9181841312352712e-05,BUY,119.48,119.74
2024-05-10,MKTX,12727.272727272728,12727.272727272728,10800.0,9.448677483885272e-05,9.448677483885272e-05,8.017877750611216e-05,BUY,204.5,206.1
2024-05-10,NSA,12727.272727272728,12727.272727272728,10800.0,1.8392693611871338e-06,1.8392693611871338e-06,1.5607514293502249e-06,BUY,36.73,36.75
2024-05-10,PCTY,12727.272727272728,12727.272727272728,10800.0,-5.6675286393782816e-05,-5.6675286393782816e-05,-4.809302873986713e-05,SELL,162.84,163.5
2024-05-10,PTC,12727.272727272728,12727.272727272728,10800.0,-3.964522888458923e-05,-3.964522888458923e-05,-3.364180851063714e-05,BUY,180.48,179.99
2024-05-10,RH,12727.272727272728,12727.272727272728,10800.0,1.1113808421447987e-05,1.1113808421447987e-05,9.430860289057293e-06,BUY,290.6,290.97
2024-05-10,TPX,12727.272727272728,12727.272727272728,10800.0,2.0687032356338058e-05,2.0687032356338058e-05,1.7554424599521153e-05,BUY,54.31,54.42
2024-05-10,UHAL,12727.272727272728,12727.272727272728,10800.0,-1.6129306946306497e-05,-1.6129306946306497e-05,-1.368686903729437e-05,BUY,69.18,69.12
2024-05-10,UHS,12727.272727272728,12727.272727272728,10800.0,-0.0001226344315526465,-0.0001226344315526465,-0.00010406407477467431,BUY,179.74,178.08
2024-05-10,WMS,12727.272727272728,12727.272727272728,10800.0,1.409445100354334e-05,1.409445100354334e-05,1.1960148423006779e-05,BUY,172.48,172.74
2024-05-10,AAP,11666.666666666668,0,0,-1.7092885989437447e-05,-0.0,-0.0,BUY,75.11,75.03
2024-05-10,AMP,11666.666666666668,0,0,2.041307999321979e-05,0.0,0.0,BUY,432.62,433.55
2024-05-10,CSGP,11666.666666666668,0,0,-6.022837523535363e-05,-0.0,-0.0,BUY,90.29,89.86
2024-05-10,DKS,11666.666666666668,0,0,-0.00011695068202368366,-0.0,-0.0,BUY,196.69,194.79698774452243
2024-05-10,FWONA,11666.666666666668,0,0,0.00017301690479928805,0.0,0.0,SELL,63.69,62.72
2024-05-10,GPS,11666.666666666668,0,0,-0.00021111178247734146,-0.0,-0.0,BUY,23.17,22.76
2024-05-10,LPX,11666.666666666668,0,0,-1.2696031199814876e-05,-0.0,-0.0,SELL,87.18,87.24
2024-05-10,ORCL,11666.666666666668,0,0,-1.6678678678679135e-05,-0.0,-0.0,SELL,116.55,116.67
2024-05-10,PFG,11666.666666666668,0,0,2.0401973658032868e-05,0.0,0.0,BUY,83.77,83.95
2024-05-10,PRU,11666.666666666668,0,0,4.365272025469761e-05,0.0,0.0,BUY,118.31,118.8
2024-05-10,STZ,11666.666666666668,0,0,4.2289788408464166e-05,0.0,0.0,BUY,260.88,261.93
2024-05-10,WSM,11666.666666666668,0,0,-9.739306358381403e-05,-0.0,-0.0,BUY,318.32,315.79
2024-05-10,JCI,20000.0,0,0,1.6423752098915673e-05,0.0,0.0,BUY,65.51,65.59
2024-05-10,MSA,20000.0,0,0,7.241902544839102e-05,0.0,0.0,BUY,189.01,189.77
2024-05-10,OSK,20000.0,0,0,0.00012607266407349205,0.0,0.0,BUY,120.83,121.64
2024-05-10,DDOG,12000.0,0,0,-0.00011277962648556899,-0.0,-0.0,SELL,117.8,118.86
2024-05-10,EBAY,12000.0,0,0,1.1693225996465804e-05,0.0,0.0,BUY,50.93,51.0
2024-05-10,JWN,12000.0,0,0,0.0001129047572339378,0.0,0.0,BUY,20.39,20.59
2024-05-10,PANW,12000.0,0,0,2.6984349225506482e-05,0.0,0.0,SELL,298.26,297.47
2024-05-10,TGT,12000.0,0,0,-3.327517025585731e-06,-0.0,-0.0,BUY,162.99,163.01
2024-05-10,ARES,12499.999999999998,12499.999999999998,10600.0,-1.9050864128143582e-05,-1.9050864128143582e-05,-1.615513278066576e-05,BUY,142.34,142.18
2024-05-10,EVR,12499.999999999998,12499.999999999998,10600.0,6.937041596142974e-05,6.937041596142974e-05,5.8826112735292424e-05,BUY,194.97,196.13
2024-05-10,MAA,12499.999999999998,12499.999999999998,10600.0,-5.740126498492251e-05,-5.740126498492251e-05,-4.867627270721429e-05,BUY,135.97,135.4
2024-05-10,NTNX,12499.999999999998,12499.999999999998,10600.0,-8.77084252315841e-05,-8.77084252315841e-05,-7.437674459638332e-05,BUY,68.01,67.56
2024-05-10,AEE,12777.77777777778,12777.77777777778,10800.0,-0.00010565644171779197,-0.00010565644171779197,-8.9302662043212e-05,BUY,74.98,74.39
2024-05-10,AEP,12777.77777777778,12777.77777777778,10800.0,1.5849810440362417e-05,1.5849810440362417e-05,1.339653543307154e-05,BUY,91.44,91.59
2024-05-10,APH,12777.77777777778,12777.77777777778,10800.0,2.4009168303864416e-05,2.4009168303864416e-05,2.0292966601179318e-05,BUY,127.25,127.54
2024-05-10,ATO,12777.77777777778,12777.77777777778,10800.0,-0.00016450669932525962,-0.00016450669932525962,-0.00013904392325578467,SELL,117.44,118.90499792103327
2024-05-10,AVB,12777.77777777778,12777.77777777778,10800.0,-6.408742651456832e-06,-6.408742651456832e-06,-5.416780745405253e-06,BUY,196.94,196.92
2024-05-10,CHDN,12777.77777777778,12777.77777777778,10800.0,2.266891214564687e-06,2.266891214564687e-06,1.916015878745109e-06,SELL,138.55,138.47
2024-05-10,EIX,12777.77777777778,12777.77777777778,10800.0,3.4267599150662586e-06,3.4267599150662586e-06,2.8963570760386116e-06,BUY,74.83,74.88
2024-05-10,ETR,12777.77777777778,12777.77777777778,10800.0,-2.4480011888839545e-05,-2.4480011888839545e-05,-2.0690931787784382e-05,BUY,112.15,111.98
2024-05-10,EVRG,12777.77777777778,12777.77777777778,10800.0,-2.5831831831832623e-05,-2.5831831831832623e-05,-2.183351351351418e-05,BUY,55.5,55.41
2024-05-10,EXC,12777.77777777778,12777.77777777778,10800.0,-0.0001032208063685998,-0.0001032208063685998,-8.724402068719913e-05,BUY,37.93,37.63876776808653
2024-05-10,KEX,12777.77777777778,12777.77777777778,10800.0,-0.00012571253998352588,-0.00012571253998352588,-0.00010625442509911927,BUY,116.02,114.92496000000001
2024-05-10,PNW,12777.77777777778,12777.77777777778,10800.0,-3.152853512512328e-05,-3.152853512512328e-05,-2.6648466210104193e-05,BUY,77.39,77.23
2024-05-10,PPL,12777.77777777778,12777.77777777778,10800.0,-3.574277016742783e-05,-3.574277016742783e-05,-3.0210410958904216e-05,BUY,29.2,29.13
2024-05-10,R,12777.77777777778,12777.77777777778,10800.0,-3.092664262082562e-06,-3.092664262082562e-06,-2.6139736197776084e-06,BUY,126.61,126.63
2024-05-10,SYF,12777.77777777778,12777.77777777778,10800.0,-8.009481030693701e-05,-8.009481030693701e-05,-6.76975266246459e-05,BUY,46.01,45.74
2024-05-10,WAB,12777.77777777778,12777.77777777778,10800.0,0.00010822408672606367,0.00010822408672606367,9.147288025889902e-05,BUY,166.86,168.34
2024-05-10,WFC,12777.77777777778,12777.77777777778,10800.0,1.5574946486067215e-05,1.5574946486067215e-05,1.316421563865855e-05,BUY,61.77,61.87
2024-05-10,WSO,12777.77777777778,12777.77777777778,10800.0,0.00012941167700465588,0.00012941167700465588,0.0001093810000421961,BUY,473.98,478.97
2024-05-10,AIG,30000.000000000004,0,0,-0.0001610683229813686,-0.0,-0.0,BUY,80.5,80.1
2024-05-10,ETSY,30000.000000000004,0,0,-0.0003330862619808315,-0.0,-0.0,BUY,62.6,61.93
2024-05-10,ARMK,12727.272727272728,0,0,0.0001731839220462826,0.0,0.0,BUY,32.84,33.3
2024-05-10,ARW,12727.272727272728,0,0,-1.517271575066338e-05,-0.0,-0.0,SELL,126.24,126.34
2024-05-10,AVT,12727.272727272728,0,0,-3.71433200662188e-05,-0.0,-0.0,SELL,51.62,51.75
2024-05-10,BK,12727.272727272728,0,0,-3.767481264255581e-05,-0.0,-0.0,BUY,58.59,58.44
2024-05-10,COF,12727.272727272728,0,0,1.9959255141035083e-05,0.0,0.0,BUY,142.26,142.54
2024-05-10,CSL,12727.272727272728,0,0,0.00012705388561271258,0.0,0.0,BUY,412.22,416.5
2024-05-10,DFS,12727.272727272728,0,0,-9.216443200236391e-06,-0.0,-0.0,BUY,123.4,123.36
2024-05-10,MS,12727.272727272728,0,0,3.1280149937835326e-05,0.0,0.0,BUY,97.98,98.26
2024-05-10,OMC,12727.272727272728,0,0,8.206836941139611e-06,0.0,0.0,BUY,95.71,95.81
2024-05-10,PNC,12727.272727272728,0,0,-3.0883988715527116e-05,-0.0,-0.0,BUY,157.9,157.58
2024-05-10,SLM,12727.272727272728,0,0,-9.790602469545049e-05,-0.0,-0.0,BUY,21.94,21.78
2024-05-10,AMT,15454.545454545456,0,0,-1.1206324967365526e-05,-0.0,-0.0,BUY,184.55,184.49
2024-05-10,CCI,15454.545454545456,0,0,4.69838077039017e-06,0.0,0.0,BUY,99.43,99.5
2024-05-10,DXC,15454.545454545456,0,0,0.00012806819343150598,0.0,0.0,SELL,19.57,19.4
2024-05-10,EGP,15454.545454545456,0,0,2.1128023886416897e-05,0.0,0.0,BUY,164.11,164.4
2024-05-10,EXPE,15454.545454545456,0,0,-1.0291340993696941e-05,-0.0,-0.0,BUY,112.82,112.79
2024-05-10,HD,15454.545454545456,0,0,-6.973322005097738e-05,-0.0,-0.0,BUY,347.75,346.32
2024-05-10,LW,15454.545454545456,0,0,0.0001960546795578905,0.0,0.0,BUY,84.06,85.16
2024-05-10,MANH,15454.545454545456,0,0,-7.539603326935309e-05,-0.0,-0.0,BUY,218.82,217.84
2024-05-10,MIDD,15454.545454545456,0,0,-0.00020494092770891793,-0.0,-0.0,SELL,136.72,138.47833999999997
2024-05-10,MOH,15454.545454545456,0,0,9.510339758122309e-05,0.0,0.0,BUY,352.47,354.78
2024-05-10,PLD,15454.545454545456,0,0,-4.9198738170346604e-05,-0.0,-0.0,BUY,107.78,107.48
2024-05-10,PVH,15454.545454545456,0,0,-4.54099860751948e-05,-0.0,-0.0,BUY,114.25,113.96
2024-05-10,QGEN,15454.545454545456,0,0,-0.00012925555900299978,-0.0,-0.0,BUY,43.95,43.6
2024-05-10,RBA,15454.545454545456,0,0,-0.00022816116719362524,-0.0,-0.0,BUY,77.59,76.47554614948184
2024-05-10,REGN,15454.545454545456,0,0,-3.517037743831028e-05,-0.0,-0.0,BUY,975.62,973.79
2024-05-10,REXR,15454.545454545456,0,0,-3.013704807150101e-05,-0.0,-0.0,BUY,45.16,45.09
2024-05-10,RL,15454.545454545456,0,0,1.1408570821737807e-05,0.0,0.0,BUY,166.93,167.12
2024-05-10,ROST,15454.545454545456,0,0,-5.9262464109474664e-05,-0.0,-0.0,BUY,133.93,133.47
2024-05-10,STE,15454.545454545456,0,0,-0.00024007552320982485,-0.0,-0.0,BUY,228.13,224.67741246936217
2024-05-10,TFX,15454.545454545456,0,0,-0.00019191196320640145,-0.0,-0.0,BUY,206.36,203.88
2024-05-10,UBER,15454.545454545456,0,0,-7.511377828238035e-05,-0.0,-0.0,BUY,67.26,66.96
2024-05-10,XRAY,15454.545454545456,0,0,-4.485962232261855e-05,-0.0,-0.0,BUY,27.97,27.9
2024-05-10,ADBE,12777.77777777778,0,0,5.343359544300585e-05,0.0,0.0,SELL,484.53,482.31
2024-05-10,ALK,12777.77777777778,0,0,0.00011273788845336166,0.0,0.0,BUY,43.37,43.77
2024-05-10,DAL,12777.77777777778,0,0,7.802024067695794e-05,0.0,0.0,BUY,52.26,52.6
2024-05-10,EPAM,12777.77777777778,0,0,9.03331829800027e-05,0.0,0.0,SELL,184.75,183.37
2024-05-10,EQIX,12777.77777777778,0,0,-0.00013124624308642416,-0.0,-0.0,BUY,765.92,758.3592627604975
2024-05-10,ETN,12777.77777777778,0,0,-8.577162553481517e-05,-0.0,-0.0,BUY,332.67,330.57
2024-05-10,FLS,12777.77777777778,0,0,-2.5344267437436517e-06,-0.0,-0.0,BUY,49.59,49.6
2024-05-10,GLOB,12777.77777777778,0,0,-1.988567060440712e-05,-0.0,-0.0,SELL,172.97,173.17
2024-05-10,IDXX,12777.77777777778,0,0,8.213675483546962e-05,0.0,0.0,BUY,506.73,510.19
2024-05-10,KHC,12777.77777777778,0,0,-9.23294175834484e-05,-0.0,-0.0,SELL,35.94,36.18531855140471
2024-05-10,KMI,12777.77777777778,0,0,-5.1111111111111115e-06,-0.0,-0.0,BUY,19.07,19.07
2024-05-10,NFG,12777.77777777778,0,0,0.0001077468448840998,0.0,0.0,BUY,56.61,57.11
2024-05-10,PEG,12777.77777777778,0,0,-2.2355075723495798e-05,-0.0,-0.0,BUY,74.1,74.0
2024-05-10,PEN,12777.77777777778,0,0,0.00022924221667413485,0.0,0.0,BUY,208.28,212.1
2024-05-10,PPC,12777.77777777778,0,0,8.67289943665319e-06,0.0,0.0,BUY,37.08,37.12
2024-05-10,VIRT,12777.77777777778,0,0,4.046277307177992e-05,0.0,0.0,BUY,22.43,22.51
2024-05-10,VST,12777.77777777778,0,0,5.115447678373203e-05,0.0,0.0,BUY,93.11,93.52
2024-05-10,ZG,12777.77777777778,0,0,-9.013434727503204e-05,-0.0,-0.0,BUY,42.08,41.8
2024-05-10,HRB,21666.666666666668,0,0,-0.00035860647943275476,-0.0,-0.0,BUY,53.11,52.25221676356891
2024-05-10,ICUI,21666.666666666668,0,0,0.00013375672207093057,0.0,0.0,BUY,106.49,107.19
2024-05-10,LOPE,21666.666666666668,0,0,-1.3822843822827269e-06,-0.0,-0.0,BUY,148.72,148.77
2024-05-10,MPWR,21666.666666666668,0,0,-0.0003107334666275442,-0.0,-0.0,SELL,706.04,715.8832881589713
2024-05-10,PLNT,21666.666666666668,0,0,0.00031294791666666765,0.0,0.0,BUY,64.0,64.95
2024-05-10,YETI,21666.666666666668,0,0,-0.0006467079141808975,-0.0,-0.0,BUY,39.65,38.482384517048956

