ticker,Name,Sector,Market Cap,EPS,Net Income,P/E Ratio,Div Yield,Last Close,Last Change,YTD,Beta,Vola_10d,Vola_3M,Avg_Daily_Volume,All-Time AI,All-Time Cond,All-Time Lvg,Prediction,Sentiment,Status,Last Updated,Next Day
AAP,"Advance Auto Parts, Inc.",Consumer Cyclical,2.3B,-0.21,-12.2M,,2.57%,38.85,-0.006139677666922537,-0.36080737350238073,1.1,49.77%,54.53%,695.0K,0.004477862862440841,0.0003157755839287204,0.0006693550324734356,-0.071,NEUTRAL,Active,08 Oct 2024,09 Oct 2024
ACHC,"Acadia Healthcare Company, Inc.",Healthcare,5.1B,-0.08,-5.1M,,,55.26,0.005458515283842743,-0.2893518518518519,0.54,86.98%,55.37%,338.1K,0.0016532922999612982,0.0060396453271104,0.013858376990415179,0,NEUTRAL,Inactive,08 Oct 2024,09 Oct 2024
ACM,AECOM,Industrials,14.0B,2.71,371.5M,38.62,0.84%,104.65,-0.00522813688212925,0.13493406212042347,1.03,15.65%,26.38%,333.0K,0.003923389732159745,0.0046842655516571114,0.010049541956402196,0,NEUTRAL,Inactive,08 Oct 2024,09 Oct 2024
ADBE,Adobe Inc.,Technology,218.4B,11.8,5.4B,42.05,,496.24,0.018345988097681096,-0.16821991283942342,1.26,27.90%,30.42%,7.3M,0.0042066153992625175,0.0007051704340004936,0.0025185712121818804,0,NEUTRAL,Inactive,08 Oct 2024,09 Oct 2024
ADI,"Analog Devices, Inc.",Technology,113.9B,3.33,1.7B,68.89,1.60%,229.4,0.012758818595205576,0.15531829170024175,1.65,24.56%,40.39%,2.8M,-0.0008467446321986723,0.0011832076078708838,0.0023538817818194013,0.829,STRONG BUY,Active,08 Oct 2024,09 Oct 2024
ADP,"Automatic Data Processing, Inc.",Technology,116.4B,9.1,3.8B,31.36,1.96%,285.42,0.01169715014887286,0.22513628364167068,0.44,14.29%,14.27%,1.3M,0.0,0.0,0.0,0,NEUTRAL,Inactive,08 Oct 2024,09 Oct 2024
AEE,Ameren Corporation,Utilities,23.1B,4.43,1.2B,19.58,3.09%,86.75,-0.0044755565756254365,0.19919823057782687,0.18,10.33%,15.82%,665.3K,0.00621679103179899,0.0030158955017108423,0.006786383917208913,-0.612,SELL,Active,08 Oct 2024,09 Oct 2024
AEP,"American Electric Power Company, Inc.",Utilities,52.3B,5.0,2.6B,19.64,3.59%,98.2,0.0014276973281664345,0.20906180743659203,0.26,14.60%,17.33%,1.4M,0.004309773148101791,0.0018193902683335615,0.0039200439671115165,0.045,NEUTRAL,Active,08 Oct 2024,09 Oct 2024
AES,The AES Corporation,Utilities,12.9B,1.05,747.0M,17.29,3.77%,18.15,-0.027852169255490257,-0.04745910371937057,1.18,32.20%,41.07%,978.6K,0.0036877975246077804,0.0018897788742711845,0.0036581173556830115,-0.921,STRONG SELL,Active,08 Oct 2024,09 Oct 2024
AGNC,AGNC Investment Corp.,Real Estate,8.1B,0.38,290.0M,27.13,13.97%,10.31,0.01576354679802957,0.06384076439693338,0.99,17.89%,18.43%,1.1M,0.005866075309030278,0.0029099333691521502,0.005335071987370323,1.016,STRONG BUY,Active,08 Oct 2024,09 Oct 2024
AGO,Assured Guaranty Ltd.,Financial Services,4.3B,12.21,714.0M,6.68,1.52%,81.6,0.01644245142002981,0.09047173593478547,0.55,27.63%,23.42%,125.2K,0.0015118652942785842,0.0018093438943109518,0.0031386580252477465,1.03,STRONG BUY,Active,08 Oct 2024,09 Oct 2024
AIG,"American International Group, Inc.",Financial Services,48.1B,5.25,3.3B,14.22,2.14%,74.63,0.013443780554046644,0.10154981549815491,0.78,32.60%,27.77%,1.6M,0.007255464508725858,0.008351408445845128,0.018038943913335066,0,NEUTRAL,Inactive,08 Oct 2024,09 Oct 2024
AKAM,"Akamai Technologies, Inc.",Technology,15.4B,4.03,628.8M,25.14,,101.33,0.0015814964910546268,-0.1438107308829742,0.73,17.45%,28.34%,749.7K,0.0002686391559824819,6.603699762623537e-05,6.524886284140001e-05,0,NEUTRAL,Inactive,08 Oct 2024,09 Oct 2024
ALK,"Alaska Air Group, Inc.",Industrials,5.4B,1.76,225.0M,24.28,,42.74,0.004701457451810128,0.09393396467878172,1.2,34.62%,38.60%,639.2K,-0.010620146233126505,-0.0024674275184512163,-0.003813952388655108,0.029,NEUTRAL,Active,08 Oct 2024,09 Oct 2024
ALLE,Allegion plc,Industrials,12.7B,6.29,554.1M,23.11,1.32%,145.36,-0.00445174988014504,0.1473675901807563,0.85,8.91%,22.49%,405.6K,0.0009032271710737832,0.000767935307325071,0.00165072488435625,-0.193,NEUTRAL,Active,08 Oct 2024,09 Oct 2024
ALLY,Ally Financial Inc.,Financial Services,10.6B,2.32,714.0M,15.03,3.44%,34.88,-0.009090909090909097,0.006893525628442572,1.24,21.08%,47.91%,847.7K,0.00039815469137026893,-0.0011317201950763777,-0.00287713324394357,0.002,NEUTRAL,Active,08 Oct 2024,09 Oct 2024
ALNY,"Alnylam Pharmaceuticals, Inc.",Healthcare,34.8B,-0.57,-72.9M,,,271.19,0.016568579675375852,0.4168016300088815,0.5,14.51%,39.54%,779.4K,0.008977270797638963,0.006967643052789921,0.014654024840629751,0.967,STRONG BUY,Active,08 Oct 2024,09 Oct 2024
ALSN,"Allison Transmission Holdings, Inc.",Consumer Cyclical,8.5B,7.7,684.0M,12.7,1.02%,97.82,-0.015598269095300507,0.6822012037833189,1.01,20.49%,25.54%,232.6K,-0.004033853240292184,0.0010610689227916296,0.003105629830015737,-0.918,STRONG SELL,Active,08 Oct 2024,09 Oct 2024
AMC,"AMC Entertainment Holdings, Inc.",Communication Services,1.5B,-1.2,-366.0M,,,4.17,-0.0023923444976076047,-0.3186274509803922,1.43,40.52%,46.49%,1.2M,0.00027106625970017026,0.0014826925356627193,0.002922067387369629,-0.083,NEUTRAL,Active,08 Oct 2024,09 Oct 2024
AMG,"Affiliated Managers Group, Inc.",Financial Services,5.3B,17.17,638.9M,10.35,0.02%,177.72,-0.009254097446761048,0.17368907674019293,0.97,22.13%,27.96%,158.9K,0.0005494888154082466,0.00022677868640118054,0.00013466707233460444,0,NEUTRAL,Inactive,08 Oct 2024,09 Oct 2024
AMP,"Ameriprise Financial, Inc.",Financial Services,47.5B,29.22,3.1B,16.56,1.22%,483.74,0.006638227031526371,0.27356975489034574,0.84,13.50%,23.19%,647.4K,0.006068541873781456,0.002844569510591439,0.006516701317087722,0.467,BUY,Active,08 Oct 2024,09 Oct 2024
AMT,American Tower Corporation,Real Estate,104.8B,5.34,2.5B,42.0,2.89%,224.28,0.004073958006894375,0.038910505836575904,0.23,15.91%,24.15%,2.3M,0.007330761059266278,0.0025277622811367565,0.005130912527257948,0.39,BUY,Active,08 Oct 2024,09 Oct 2024
AN,"AutoNation, Inc.",Consumer Cyclical,6.5B,18.35,780.2M,8.98,,164.75,-0.007649680761354115,0.09701691303768806,1.3,31.23%,38.76%,960.3K,0.00184388408982442,0.00048222603854116124,0.0003416392894064333,-0.511,SELL,Active,08 Oct 2024,09 Oct 2024
ANET,"Arista Networks, Inc.",Technology,125.7B,7.72,2.5B,51.84,,400.22,0.019564885107250234,0.6993758226826888,1.65,19.68%,196.40%,3.3M,0.0074736718900907115,-0.00203892352862118,-0.004094940459266967,0.446,BUY,Active,08 Oct 2024,09 Oct 2024
APH,Amphenol Corporation,Technology,77.5B,1.67,2.1B,38.52,1.03%,64.33,0.02354813046937147,-0.3510541712902249,1.67,23.45%,39.70%,2.0M,0.006750576175356078,0.003913920664630361,0.006086649234543783,0.637,BUY,Active,08 Oct 2024,09 Oct 2024
ARES,Ares Management Corporation,Financial Services,48.0B,1.93,378.2M,79.47,2.43%,153.38,-0.04471848530144498,0.289774638412378,1.2,28.51%,31.36%,814.2K,0.00595868939302804,0.0025071475051932895,0.003942947529904429,-0.234,NEUTRAL,Active,08 Oct 2024,09 Oct 2024
ARMK,Aramark,Industrials,9.9B,1.81,474.9M,20.77,1.01%,37.6,0.008854306412664294,0.3380782918149466,0.7,20.47%,22.84%,449.2K,0.010238744756949861,0.010123737690039516,0.018409891897569676,0.57,BUY,Active,08 Oct 2024,09 Oct 2024
ARW,"Arrow Electronics, Inc.",Technology,7.0B,10.64,585.5M,12.49,,132.94,0.01395774540462195,0.08744376278118608,0.96,21.16%,26.66%,267.4K,-0.003493803987350209,-0.000761571019055158,-0.0020866736041207164,0,NEUTRAL,Inactive,08 Oct 2024,09 Oct 2024
ATO,Atmos Energy Corporation,Utilities,21.5B,6.77,1.0B,20.42,2.33%,138.23,0.004140636350428543,0.19266609145815344,0.3,10.24%,13.70%,447.0K,0.0013211700620649773,0.004224493062504767,0.00773628723232967,0.274,NEUTRAL,Active,08 Oct 2024,09 Oct 2024
AVB,"AvalonBay Communities, Inc.",Real Estate,31.1B,5.9,839.8M,37.03,3.11%,218.5,0.0022935779816513763,0.16707616707616707,0.65,13.00%,17.80%,557.4K,0.001101375225722362,-0.0003273877113779585,-0.0006754109226480001,0.133,NEUTRAL,Active,08 Oct 2024,09 Oct 2024
AVT,"Avnet, Inc.",Technology,4.8B,5.43,498.7M,10.01,2.32%,54.38,0.007037037037037085,0.07896825396825405,1.15,21.09%,28.15%,126.3K,0.002822340904738957,0.002764895337787704,0.006134766456914832,0.538,BUY,Active,08 Oct 2024,09 Oct 2024
AWK,"American Water Works Company, Inc.",Utilities,26.8B,4.9,956.0M,28.04,2.23%,137.39,0.0029199211621284563,0.04091219031744812,0.49,23.40%,19.89%,700.2K,0.009608869933265617,0.0035230694149303186,0.006038048048803047,0.191,NEUTRAL,Active,08 Oct 2024,09 Oct 2024
AXON,"Axon Enterprise, Inc.",Industrials,32.3B,3.8,290.7M,112.37,,426.99,0.014637739704869009,0.6528858436883058,0.98,15.31%,43.99%,565.4K,0.0,0.0,0.0,0.606,BUY,Active,08 Oct 2024,09 Oct 2024
AXP,American Express Company,Financial Services,191.3B,13.4,9.7B,20.08,1.04%,269.11,-0.01709339274626541,0.44112003692900215,0.99,21.48%,28.36%,3.0M,0.0,0.0,0.0,-0.858,STRONG SELL,Active,08 Oct 2024,09 Oct 2024
AZO,"AutoZone, Inc.",Consumer Cyclical,52.5B,149.52,2.7B,20.75,,3102.09,0.015929522343578684,0.19975170269298154,0.35,26.93%,19.03%,963.3K,0.0,0.0,0.0,0,NEUTRAL,Inactive,08 Oct 2024,09 Oct 2024
BA,The Boeing Company,Industrials,95.3B,-5.64,-3.4B,,,154.65,-0.00808158553011347,-0.406698381032763,0.89,29.70%,37.50%,9.5M,-0.0004157776677023852,-0.000861973976720766,-0.001597390522099049,-0.08,NEUTRAL,Active,08 Oct 2024,09 Oct 2024
BAC,Bank of America Corporation,Financial Services,309.8B,2.85,22.8B,14.01,2.60%,39.93,-0.0007507507507507792,0.18592218592218585,0.85,14.37%,23.96%,10.5M,-0.0008540187065611913,-0.001017684359559939,-0.002636947955698159,-0.165,NEUTRAL,Active,08 Oct 2024,09 Oct 2024
BALL,Ball Corporation,Consumer Cyclical,19.4B,2.19,693.0M,29.25,1.25%,64.06,0.0017200938232994438,0.11369958275382473,0.83,22.29%,18.28%,625.2K,-0.0023704670543324684,0.00018870680691886763,0.0004050814688081587,-0.034,NEUTRAL,Active,08 Oct 2024,09 Oct 2024
BBWI,"Bath & Body Works, Inc.",Consumer Cyclical,6.5B,4.12,937.0M,7.18,2.70%,29.58,-0.006715916722632735,-0.314643188137164,1.36,35.55%,48.51%,799.7K,0.002162414287852499,0.0011607999619402188,0.0008274401644222198,-0.049,NEUTRAL,Active,08 Oct 2024,09 Oct 2024
BBY,"Best Buy Co., Inc.",Consumer Cyclical,21.1B,5.79,1.3B,16.98,3.82%,98.33,0.005213657738703794,0.25613183444047005,0.86,27.16%,35.42%,1.4M,0.0003289508691734303,0.0007385580781326621,0.0011885011595971838,0.18,NEUTRAL,Active,08 Oct 2024,09 Oct 2024
BEN,"Franklin Resources, Inc.",Financial Services,10.1B,1.61,810.2M,12.02,6.41%,19.35,-0.01174668028600597,-0.3436227951153324,1.01,22.03%,38.15%,593.3K,0.0,0.0,0.0,0,NEUTRAL,Inactive,08 Oct 2024,09 Oct 2024
BERY,"Berry Global Group, Inc.",Consumer Cyclical,7.6B,4.59,554.0M,14.44,1.66%,66.26,-0.0045072115384614956,-0.016768066478705972,0.79,14.85%,21.62%,327.2K,0.004291273441773011,0.005476016618503282,0.010490067952792377,-0.113,NEUTRAL,Active,08 Oct 2024,09 Oct 2024
BK,The Bank of New York Mellon Corporation,Financial Services,54.0B,4.2,3.2B,17.43,2.57%,73.2,0.01049144119271128,0.4172341088753318,0.69,13.16%,20.10%,1.3M,0.0013153101851287935,0.0007132529556200266,0.0004963706117678069,0,NEUTRAL,Inactive,08 Oct 2024,09 Oct 2024
BKNG,Booking Holdings Inc.,Consumer Cyclical,141.9B,142.62,5.0B,29.68,0.83%,4233.18,0.015194900499302269,0.19337960430985407,1.2,23.62%,31.77%,2.0M,0.001693105039364172,0.0007630583507086497,0.0033151189563325797,0.778,BUY,Active,08 Oct 2024,09 Oct 2024
BOKF,BOK Financial Corporation,Financial Services,6.6B,7.15,460.4M,14.38,2.14%,102.81,0.0016562743569758546,0.20035026269702272,1.07,22.81%,26.35%,55.9K,0.0,0.0,0.0,0.054,NEUTRAL,Active,08 Oct 2024,09 Oct 2024
BR,"Broadridge Financial Solutions, Inc.",Technology,25.3B,5.85,698.1M,37.06,1.62%,216.81,0.007575053443628569,0.053754556500607543,0.73,12.89%,20.33%,408.0K,0.0003734764130010871,0.00058372879839056,0.0009860225680333647,0,NEUTRAL,Inactive,08 Oct 2024,09 Oct 2024
BYD,Boyd Gaming Corporation,Consumer Cyclical,5.8B,5.18,504.2M,12.2,1.08%,63.21,-0.020759101471727288,0.009583133684714924,1.02,17.44%,27.22%,302.6K,0.007015867529137681,0.0016162962223232433,0.004164037503823048,0,NEUTRAL,Inactive,08 Oct 2024,09 Oct 2024
CACC,Credit Acceptance Corporation,Financial Services,5.4B,14.08,181.6M,31.5,,443.45,0.0006092332686492662,-0.1675895857188445,1.28,19.67%,44.65%,88.2K,0.00288220199423009,0.002834614985433158,0.007212428521742507,0.086,NEUTRAL,Active,08 Oct 2024,09 Oct 2024
CACI,CACI International Inc,Technology,11.4B,18.6,419.9M,27.55,,512.36,0.01184927719409116,0.5820416229234854,0.54,11.48%,18.34%,138.1K,-0.00044704386053081733,0.0001770486884656585,0.0004243647491395385,0.613,BUY,Active,08 Oct 2024,09 Oct 2024
CB,Chubb Limited,Financial Services,113.1B,23.63,9.7B,11.85,1.30%,279.96,0.010029583664044927,0.23876106194690255,0.26,26.73%,19.01%,1.9M,0.0,0.0,0.0,0,NEUTRAL,Inactive,08 Oct 2024,09 Oct 2024
CBRE,"CBRE Group, Inc.",Real Estate,37.1B,2.97,924.0M,40.75,1.72%,121.03,0.015182016440194618,0.30013964980126756,1.04,19.53%,26.88%,742.2K,0.0004871252470464802,-0.001453719732184103,-0.0034021265569700292,0.95,STRONG BUY,Active,08 Oct 2024,09 Oct 2024
CC,The Chemours Company,Basic Materials,2.9B,0.76,114.0M,25.71,5.12%,19.54,-0.02640757349277534,-0.3804692454026633,1.71,69.09%,55.29%,225.6K,0.005895315398203607,-0.00042414059866741885,-0.001989006709959245,-0.059,NEUTRAL,Active,08 Oct 2024,09 Oct 2024
CCI,Crown Castle Inc.,Real Estate,48.7B,2.74,1.2B,40.91,5.58%,112.1,0.008093525179856039,-0.026825245246983275,0.36,25.54%,22.66%,1.6M,0.00279362564798083,-5.9346940943632415e-05,0.00011476990734190628,0.651,BUY,Active,08 Oct 2024,09 Oct 2024
CCK,"Crown Holdings, Inc.",Consumer Cyclical,11.1B,3.61,432.0M,25.55,1.08%,92.25,0.0016286644951140684,0.0017374307742425517,0.54,15.65%,23.31%,499.9K,0.0024485731310757352,0.0015934131973385026,0.002593578790404573,0.176,NEUTRAL,Active,08 Oct 2024,09 Oct 2024
CDNS,"Cadence Design Systems, Inc.",Technology,74.0B,3.86,1.1B,69.99,,270.15,0.02773339420223679,-0.008150677387377564,1.78,27.03%,41.57%,2.0M,0.0023869099499573797,0.0012386110468030802,0.0024368619616863705,0,NEUTRAL,Inactive,08 Oct 2024,09 Oct 2024
CDW,CDW Corporation,Technology,29.9B,8.16,1.1B,27.4,1.11%,223.61,0.014150301600979655,-0.01632060531409458,0.93,30.57%,26.74%,723.4K,0.0014969682197425655,0.001285060711229193,0.0025422472012213695,0.767,BUY,Active,08 Oct 2024,09 Oct 2024
CE,Celanese Corporation,Basic Materials,14.1B,17.67,1.9B,7.32,2.16%,129.38,-0.045729458622215786,-0.16727811031730713,1.2,50.07%,33.91%,510.8K,0.002227223198517818,0.0016914164857631492,0.002813853577188764,-0.784,SELL,Active,08 Oct 2024,09 Oct 2024
CFR,"Cullen/Frost Bankers, Inc.",Financial Services,7.2B,8.2,526.6M,13.84,3.35%,113.46,0.0007055918151349294,0.04581067379481979,0.78,29.47%,28.63%,211.2K,0.0,0.0,0.0,0,NEUTRAL,Inactive,08 Oct 2024,09 Oct 2024
CHDN,Churchill Downs Incorporated,Consumer Cyclical,10.2B,5.47,407.5M,25.42,0.27%,139.03,0.018012740719045236,0.030386126139479688,1.13,13.68%,23.01%,228.1K,0.008890675411125282,0.0034458817534470444,0.0076345350291627395,0.962,STRONG BUY,Active,08 Oct 2024,09 Oct 2024
CI,The Cigna Group,Healthcare,96.1B,12.66,3.7B,27.17,1.63%,343.93,0.010756164222529242,0.14853898814493244,0.28,15.91%,21.93%,2.3M,0.01423435591464897,0.007176081835938116,0.014706797014222757,0.827,STRONG BUY,Active,08 Oct 2024,09 Oct 2024
CLF,Cleveland-Cliffs Inc.,Basic Materials,5.9B,0.09,44.0M,141.22,,12.71,-0.02080123266563941,-0.37757100881488737,1.24,27.36%,43.43%,1.3M,0.001679060858397636,-0.0002938975531136983,-0.0024088895096694763,0.226,NEUTRAL,Active,08 Oct 2024,09 Oct 2024
CLX,The Clorox Company,Consumer Defensive,19.8B,2.25,280.0M,71.02,3.05%,159.79,-0.00504358655043588,0.13012611101248797,0.31,15.51%,21.15%,892.7K,0.004156421336749538,0.0022086325627059546,0.004642805777727653,-0.189,NEUTRAL,Active,08 Oct 2024,09 Oct 2024
CMCSA,Comcast Corporation,Communication Services,158.6B,3.76,15.1B,10.89,3.03%,40.95,0.009615384615384628,-0.05991735537190081,0.6,17.89%,21.84%,4.8M,0.0006536549703609515,0.0002929954996540586,0.0007677649227399295,0.374,BUY,Active,08 Oct 2024,09 Oct 2024
CMI,Cummins Inc.,Industrials,45.2B,13.98,1.9B,23.58,2.21%,329.61,-0.006330831147689144,0.3758400467504279,0.75,18.70%,27.72%,1.3M,1.3245748661148103e-05,0.0007677966442707397,-0.0010978103116579489,-0.422,SELL,Active,08 Oct 2024,09 Oct 2024
COF,Capital One Financial Corporation,Financial Services,57.1B,10.63,4.1B,14.06,1.61%,149.5,-0.01644736842105263,0.14017693715680288,0.91,33.90%,32.38%,1.8M,-0.00045300171916131445,0.00016713841793107576,-0.000392150713183472,-0.993,STRONG SELL,Active,08 Oct 2024,09 Oct 2024
COTY,Coty Inc.,Consumer Defensive,7.9B,0.09,76.2M,101.33,,9.12,-0.025641025641025664,-0.9861834929099503,0.57,43.56%,33.78%,1.6M,-0.0004904890445079983,-0.0005037807630584041,-0.0008160822442968748,0.034,NEUTRAL,Active,08 Oct 2024,09 Oct 2024
CPRI,Capri Holdings Limited,Consumer Cyclical,5.0B,-2.48,-291.0M,,,42.62,-0.00046904315197005453,-0.15167197452229308,0.43,36.33%,38.01%,374.2K,0.0019937564602565913,0.003969271196810403,0.008122697387033475,0,NEUTRAL,Inactive,08 Oct 2024,09 Oct 2024
CRL,"Charles River Laboratories International, Inc.",Healthcare,9.6B,8.35,431.8M,22.37,,186.83,-0.012630800126836414,-0.20968697123519456,1.44,27.22%,43.42%,577.3K,0.0003806624661139857,-0.0003982373277116244,-0.00033940585286029463,0.008,NEUTRAL,Active,08 Oct 2024,09 Oct 2024
CRM,"Salesforce, Inc.",Technology,278.7B,5.74,5.6B,50.8,0.55%,291.57,0.02459851706082862,0.10804134681158321,1.41,24.70%,26.56%,8.8M,0.001960293883842448,0.0006876820552131586,0.002652112216361951,0.947,STRONG BUY,Active,08 Oct 2024,09 Oct 2024
CSGP,"CoStar Group, Inc.",Real Estate,30.8B,0.52,212.9M,144.52,,75.15,0.025238744884038315,-0.1400617919670442,0.89,27.04%,25.13%,882.3K,0.008344727007130747,-0.00106867110314167,-0.0020471388297022552,1.121,STRONG BUY,Active,08 Oct 2024,09 Oct 2024
CSL,Carlisle Companies Incorporated,Industrials,21.3B,17.64,862.9M,26.1,0.87%,460.46,-0.0123334977799704,0.4738021316774957,1.23,18.29%,29.81%,455.8K,0.0055152137851673015,0.0027251514685159464,0.00607423081049909,-1.08,STRONG SELL,Active,08 Oct 2024,09 Oct 2024
CSX,CSX Corporation,Industrials,65.7B,1.83,3.6B,18.51,1.42%,33.87,0.006537890044576489,-0.02307470435535057,0.64,21.61%,21.90%,2.6M,0.0016699443885666106,5.67436146430845e-05,0.0005647839404980837,0.383,BUY,Active,08 Oct 2024,09 Oct 2024
CTLT,"Catalent, Inc.",Healthcare,11.0B,-5.76,-1.0B,,,60.75,0.002309849859759125,0.352103271756065,0.58,6.52%,7.64%,678.0K,0.004549780879303314,0.004821908629875609,0.00922236458032848,0.046,NEUTRAL,Active,08 Oct 2024,09 Oct 2024
CTSH,Cognizant Technology Solutions Corporation,Technology,37.8B,4.39,2.2B,17.34,1.58%,76.13,0.001710526315789414,0.007943863365550037,0.7,17.78%,20.19%,1.1M,0.004481440002549797,0.0012619571461747582,0.0031219086958382347,0.154,NEUTRAL,Active,08 Oct 2024,09 Oct 2024
CVNA,Carvana Co.,Consumer Cyclical,22.3B,2.49,714.0M,76.7,,190.99,0.06264952985033116,2.6076690593124296,2.98,34.77%,60.01%,3.2M,-0.00019717549085764723,-0.0015869942637715998,-0.0032125119469318996,0,NEUTRAL,Inactive,08 Oct 2024,09 Oct 2024
CVS,CVS Health Corporation,Healthcare,82.9B,5.62,7.2B,11.73,4.04%,65.9,0.009961685823754876,-0.15781994215922696,0.37,25.19%,28.07%,4.1M,-0.004368923786339185,-0.0005164685729301475,-0.0015332666482771537,0.198,NEUTRAL,Active,08 Oct 2024,09 Oct 2024
CZR,"Caesars Entertainment, Inc.",Consumer Cyclical,9.4B,-1.29,-278.0M,,,43.24,-0.028096201393571586,-0.07764505119453925,2.0,36.09%,50.26%,1.0M,0.030190907896908082,0.013709179052397512,0.03587811080520286,-0.892,STRONG SELL,Active,08 Oct 2024,09 Oct 2024
DAL,"Delta Air Lines, Inc.",Industrials,32.7B,6.97,4.5B,7.26,1.19%,50.62,0.023246411966848568,0.2582649763857818,1.26,46.20%,38.23%,2.9M,0.007183174519252845,0.0021873851761938772,0.004378300527262009,0,NEUTRAL,Inactive,08 Oct 2024,09 Oct 2024
DBX,"Dropbox, Inc.",Technology,8.1B,1.72,584.2M,14.81,,25.48,0.007911392405063262,-0.13568521031207598,0.9,15.14%,27.07%,539.2K,0.002360138786675472,0.0012285297823880748,0.0017308877513197026,0.613,BUY,Active,08 Oct 2024,09 Oct 2024
DDOG,"Datadog, Inc.",Technology,41.7B,0.47,163.1M,263.23,,123.72,0.010949501552541293,0.01927829955511619,1.5,27.52%,34.96%,2.7M,0.0,0.0,0.0,0.375,BUY,Active,08 Oct 2024,09 Oct 2024
DFS,Discover Financial Services,Financial Services,35.7B,11.32,2.8B,12.55,1.97%,142.09,-0.013674857698181305,0.26414590747330957,0.93,37.56%,35.39%,1.1M,-0.0014343030573577293,0.0006634053863388896,0.0012702643202225832,-0.942,STRONG SELL,Active,08 Oct 2024,09 Oct 2024
DKS,"DICK'S Sporting Goods, Inc.",Consumer Cyclical,16.7B,13.62,1.1B,15.11,2.14%,205.74,-0.002230843840931036,0.40006805035726456,1.17,36.34%,41.22%,1.1M,0.003275938511740034,0.00019676979944765094,0.0018576124669477472,-0.271,NEUTRAL,Active,08 Oct 2024,09 Oct 2024
DLB,"Dolby Laboratories, Inc.",Industrials,7.1B,2.18,212.4M,34.02,1.62%,74.17,-0.007626438319507536,-0.13935948015780927,0.66,16.66%,26.09%,151.8K,0.0039890877352525755,0.0013472217929873676,0.0031464442781961276,0,NEUTRAL,Inactive,08 Oct 2024,09 Oct 2024
DLR,"Digital Realty Trust, Inc.",Real Estate,52.8B,3.48,1.1B,45.48,3.08%,158.28,0.011567712660573926,0.1761034329023628,1.06,11.94%,23.49%,1.3M,0.0037955272412895265,0.001862483231412775,0.0038305188481968363,0.816,STRONG BUY,Active,08 Oct 2024,09 Oct 2024
DNB,"Dun & Bradstreet Holdings, Inc.",Financial Services,5.0B,-0.08,-33.5M,,1.76%,11.38,0.011555555555555624,-0.027350427350427226,0.74,16.21%,39.26%,241.1K,-0.00019197921956047793,0.0007160753922736189,0.0016245047888229069,0.368,BUY,Active,08 Oct 2024,09 Oct 2024
DT,"Dynatrace, Inc.",Technology,15.9B,0.52,155.1M,102.42,,53.26,-0.002621722846441958,-0.026147376119948797,0.88,19.26%,33.89%,923.2K,0.0,0.0,0.0,-0.106,NEUTRAL,Active,08 Oct 2024,09 Oct 2024
DXC,DXC Technology Company,Technology,3.7B,0.43,81.0M,47.6,,20.47,-0.0029225523623966033,-0.1049409707039791,1.27,31.11%,32.76%,273.2K,0.0020493200781799468,0.00031781177326315835,5.70187573883964e-05,0,NEUTRAL,Inactive,08 Oct 2024,09 Oct 2024
EA,Electronic Arts Inc.,Communication Services,37.9B,4.24,1.2B,33.8,0.53%,143.33,0.003009097270818802,0.047657334990132375,0.64,16.49%,20.07%,1.2M,0.003939401262067588,0.0004259602120831555,0.0001284151750707937,-0.08,NEUTRAL,Active,08 Oct 2024,09 Oct 2024
EBAY,eBay Inc.,Consumer Cyclical,32.8B,5.14,2.7B,13.07,1.61%,67.17,0.0059907143926914135,0.5398899587345256,0.7,18.04%,21.92%,1.7M,0.0030690141591717024,0.0003183880262601973,0.0008272177482371728,0.098,NEUTRAL,Active,08 Oct 2024,09 Oct 2024
ED,"Consolidated Edison, Inc.",Utilities,35.3B,5.15,1.8B,19.83,3.25%,102.11,0.009590666403005724,0.12245795317137519,0.04,14.90%,16.36%,825.1K,0.010295100972270602,0.00584550419600741,0.011723893464088444,0,NEUTRAL,Inactive,08 Oct 2024,09 Oct 2024
EGP,"EastGroup Properties, Inc.",Real Estate,8.7B,4.8,226.3M,37.02,3.15%,177.71,-0.0014609203798392476,-0.03176419309142413,0.83,10.66%,18.39%,215.9K,0.0,0.0,0.0,-0.197,NEUTRAL,Active,08 Oct 2024,09 Oct 2024
EIX,Edison International,Utilities,32.8B,2.49,961.0M,34.09,3.68%,84.89,0.0027167493503425936,0.18743880262973853,0.38,9.95%,15.57%,705.8K,0.0017560813735325981,0.0028880057267575664,0.004554414811904422,0,NEUTRAL,Inactive,08 Oct 2024,09 Oct 2024
EPAM,"EPAM Systems, Inc.",Technology,11.1B,6.99,409.6M,27.92,,195.18,0.011347738224778473,-0.34357974036456573,0.92,24.36%,34.26%,603.3K,0.0,0.0,0.0,0.591,BUY,Active,08 Oct 2024,09 Oct 2024
EPR,EPR Properties,Real Estate,3.6B,2.45,185.5M,19.47,7.17%,47.7,-0.0039674253497598184,-0.009530928798355367,0.7,14.23%,18.37%,146.8K,0.003103145568029891,0.0003366502470792956,0.0006798387744576526,-0.192,NEUTRAL,Active,08 Oct 2024,09 Oct 2024
EQH,"Equitable Holdings, Inc.",Financial Services,13.6B,2.51,828.0M,17.06,2.24%,42.83,0.0018713450292397263,0.28618618618618624,1.14,17.80%,29.50%,605.5K,-0.005445447257675701,0.0015679211646529587,0.0030236940191805074,0,NEUTRAL,Inactive,08 Oct 2024,09 Oct 2024
EQIX,"Equinix, Inc.",Real Estate,82.8B,10.91,1.0B,79.97,1.95%,872.51,0.002873530189308169,0.08333850681036517,0.93,11.04%,22.33%,1.4M,9.183775721363435e-05,-0.002688204791583406,-0.0049196433522109805,0,NEUTRAL,Inactive,08 Oct 2024,09 Oct 2024
EQT,EQT Corporation,Energy,22.0B,1.53,696.3M,24.23,1.70%,37.07,-0.006166219839142008,-0.041127780651836435,0.7,25.68%,31.43%,1.6M,0.00417440955044507,0.0010622776714926318,0.0021894387038806015,-0.152,NEUTRAL,Active,08 Oct 2024,09 Oct 2024
ESI,Element Solutions Inc,Basic Materials,6.2B,0.8,193.7M,32.1,1.25%,25.68,0.0027333073018352316,0.10976663785652546,1.42,29.35%,30.81%,201.2K,0.001228557366424189,0.0012904996147990867,0.0026884564286348066,0.16,NEUTRAL,Active,08 Oct 2024,09 Oct 2024
ESS,"Essex Property Trust, Inc.",Real Estate,19.2B,8.08,518.3M,35.7,3.40%,288.48,0.001979785349588389,0.16350730015326298,0.75,11.86%,19.59%,390.5K,0.0,0.0,0.0,0,NEUTRAL,Inactive,08 Oct 2024,09 Oct 2024
ESTC,Elastic N.V.,Technology,7.9B,0.61,61.0M,125.43,,76.51,-0.008166969147005385,-0.3211180124223602,1.49,28.98%,71.84%,813.4K,0.0,0.0,0.0,-0.085,NEUTRAL,Active,08 Oct 2024,09 Oct 2024
ETN,Eaton Corporation plc,Industrials,133.6B,9.09,3.6B,36.92,1.12%,335.58,0.002838956459373005,0.3934889128809899,1.54,16.10%,37.15%,3.0M,0.004954343846790558,0.0033841600444661896,0.006156413608583299,0.149,NEUTRAL,Active,08 Oct 2024,09 Oct 2024
ETR,Entergy Corporation,Utilities,27.9B,8.37,1.8B,15.59,3.46%,130.53,-0.0028265851795263907,0.2899495997628225,0.27,11.08%,18.32%,831.1K,0.007743562854295712,0.001358162116152676,0.0035356651568665956,-0.713,SELL,Active,08 Oct 2024,09 Oct 2024
ETSY,"Etsy, Inc.",Consumer Cyclical,5.8B,2.15,287.1M,23.64,,50.83,-0.007032623559288913,-0.37285626156693397,1.22,44.96%,43.00%,1.4M,0.015991276217959854,0.004130616787862785,0.006079925140633047,0.131,NEUTRAL,Active,08 Oct 2024,09 Oct 2024
EVR,Evercore Inc.,Financial Services,9.5B,7.23,294.3M,34.39,1.29%,248.61,0.0042008320878944155,0.45343466822566497,1.25,14.58%,30.26%,271.2K,0.003333948507612784,0.0009099562685155086,0.0009248876689585217,0.163,NEUTRAL,Active,08 Oct 2024,09 Oct 2024
EVRG,"Evergy, Inc.",Utilities,13.8B,3.2,739.3M,18.71,4.29%,59.86,0.0045309615707332775,0.146743295019157,0.26,9.62%,14.70%,595.0K,0.0017569122748457933,0.0005189372370503715,0.0006209174479237758,0.191,NEUTRAL,Active,08 Oct 2024,09 Oct 2024
EWBC,"East West Bancorp, Inc.",Financial Services,11.5B,7.8,1.1B,10.66,2.65%,83.12,-0.0013216388321518615,0.1552466990965949,1.0,26.48%,30.20%,333.9K,-5.948635831169366e-05,0.0014141413246270035,0.002111422662788248,-0.111,NEUTRAL,Active,08 Oct 2024,09 Oct 2024
EXC,Exelon Corporation,Utilities,39.6B,2.42,2.4B,16.37,3.84%,39.61,0.001770359129994949,0.10334261838440115,0.23,13.86%,16.41%,1.5M,0.006066614567713648,0.00238635807061692,0.005395144104040312,-0.021,NEUTRAL,Active,08 Oct 2024,09 Oct 2024
EXP,Eagle Materials Inc.,Basic Materials,9.7B,14.14,490.6M,20.4,0.35%,288.52,0.013346445630795007,0.42240189311772813,1.55,15.61%,41.64%,272.0K,0.0025902030563957927,0.0012569339753238712,0.0032081443985162556,0,NEUTRAL,Inactive,08 Oct 2024,09 Oct 2024
EXPD,"Expeditors International of Washington, Inc.",Industrials,17.1B,4.67,674.7M,26.0,1.20%,121.41,0.012847251188787786,-0.04551886792452835,0.63,25.77%,22.39%,659.8K,0.0032207053811201167,-0.000615775152200397,-0.0007568014664349994,0,NEUTRAL,Inactive,08 Oct 2024,09 Oct 2024
EXPE,"Expedia Group, Inc.",Consumer Cyclical,19.8B,5.55,808.0M,27.38,,151.95,0.006291390728476746,0.0010540878845773543,1.19,21.39%,39.94%,1.6M,0.0005110095447623518,0.0017476735703365225,0.002457190690460154,-0.114,NEUTRAL,Active,08 Oct 2024,09 Oct 2024
EXR,Extra Space Storage Inc.,Real Estate,37.7B,3.66,802.1M,46.71,3.79%,170.96,0.009208972845336495,0.06630075469344474,0.87,26.04%,23.56%,825.8K,0.005050236283068464,0.0006947677816259137,0.0020065909246339535,0.398,BUY,Active,08 Oct 2024,09 Oct 2024
FCN,"FTI Consulting, Inc.",Industrials,8.0B,9.21,328.9M,24.16,,222.47,0.00013486782952706859,0.1170976650765754,0.4,12.05%,17.58%,154.6K,0.0018629575370400562,0.0008626996635809674,0.0018259619129999869,0,NEUTRAL,Inactive,08 Oct 2024,09 Oct 2024
FHN,First Horizon Corporation,Financial Services,8.3B,1.21,673.0M,12.79,3.88%,15.47,-0.010869565217391299,0.09251412429378535,3.12,27.28%,719.43%,701.3K,0.0,0.0,0.0,-0.934,STRONG SELL,Active,08 Oct 2024,09 Oct 2024
FITB,Fifth Third Bancorp,Financial Services,28.4B,3.14,2.2B,13.37,3.52%,41.99,-0.004032258064516001,0.21745433458973615,7.64,19.42%,1064.62%,1.0M,0.0,0.0,0.0,0,NEUTRAL,Inactive,08 Oct 2024,09 Oct 2024
FIVN,"Five9, Inc.",Technology,2.1B,-0.71,-52.7M,,,28.01,-0.026416405978449704,-0.6440462574660057,1.0,45.76%,75.28%,441.3K,0.017448840408033153,0.0010260629848372238,0.0010927370270670473,-0.527,SELL,Active,08 Oct 2024,09 Oct 2024
FLS,Flowserve Corporation,Industrials,7.0B,1.94,255.6M,27.51,1.57%,53.37,-0.022169292781238564,0.2947598253275109,1.07,27.11%,33.10%,235.5K,0.0019193593794693048,0.004087505791240006,0.008391226813430089,0,NEUTRAL,Inactive,08 Oct 2024,09 Oct 2024
FND,"Floor & Decor Holdings, Inc.",Consumer Cyclical,12.3B,1.94,209.7M,59.13,,114.71,0.024196428571428515,0.028235926855503687,1.46,38.87%,35.80%,910.2K,0.0005644330882436431,0.0013759818963445408,0.0028974488664412204,0.973,STRONG BUY,Active,08 Oct 2024,09 Oct 2024
FNF,"Fidelity National Financial, Inc.",Financial Services,16.5B,3.36,911.0M,17.91,3.19%,60.17,0.00300050008334722,0.17934143473147782,0.65,14.39%,19.23%,305.4K,0.0067956011688445825,0.0024354333605045545,0.0047426042380632845,0.149,NEUTRAL,Active,08 Oct 2024,09 Oct 2024
FOUR,"Shift4 Payments, Inc.",Technology,8.1B,1.65,106.1M,55.72,,91.94,0.01255506607929516,0.23675006725854175,1.76,19.91%,42.16%,605.2K,0.015501286058955054,0.0041354490058202464,0.008276049297251007,0.106,NEUTRAL,Active,08 Oct 2024,09 Oct 2024
FOX,Fox Corporation,Communication Services,18.3B,3.13,1.5B,12.31,1.40%,38.52,0.004694835680751166,0.3931283905967452,0.44,9.72%,19.63%,180.9K,0.0029155852144022647,0.0016550420788860123,0.002785152752618589,0.367,BUY,Active,08 Oct 2024,09 Oct 2024
FR,"First Industrial Realty Trust, Inc.",Real Estate,7.3B,2.13,283.8M,25.35,2.74%,53.99,-0.003506829088224395,0.025061704955382576,0.83,11.92%,20.83%,269.6K,0.007711570420071231,0.002142706315798165,0.004394724420116236,0,NEUTRAL,Inactive,08 Oct 2024,09 Oct 2024
FRPT,"Freshpet, Inc.",Consumer Defensive,6.6B,0.51,25.0M,268.8,,137.09,0.00029186428310829654,0.580106039649608,0.85,34.67%,29.02%,325.1K,-0.0008192193811776228,-0.0006277332569247021,-0.001326748900167443,0.175,NEUTRAL,Active,08 Oct 2024,09 Oct 2024
FRT,Federal Realty Investment Trust,Real Estate,9.2B,3.41,280.5M,32.16,4.01%,109.65,-0.005532378015599487,0.06404657933042221,0.55,12.98%,17.78%,306.1K,0.002651313383048447,0.003229826169839718,0.005164192620130195,-0.266,NEUTRAL,Active,08 Oct 2024,09 Oct 2024
FTV,Fortive Corporation,Technology,26.8B,2.49,885.7M,30.7,0.42%,76.44,0.001572327044025217,0.038163791932636186,1.06,22.02%,28.44%,778.8K,-0.0006322166743159121,0.0017002948702648285,0.0035242459526904587,0.108,NEUTRAL,Active,08 Oct 2024,09 Oct 2024
FWONA,Formula One Group,Communication Services,18.5B,1.07,279.0M,64.65,,69.18,0.007720320466132573,0.19317005864091083,0.63,23.29%,23.62%,34.9K,0.00023982027404669746,7.528102268125511e-05,0.00018820255670300005,0.536,BUY,Active,08 Oct 2024,09 Oct 2024
GILD,"Gilead Sciences, Inc.",Healthcare,106.1B,0.82,1.1B,103.91,3.61%,85.21,0.009238422361719612,0.051845451178866665,0.15,14.38%,20.02%,2.8M,0.002488041989770203,0.0005005881588903362,0.0010012857130412807,0.801,STRONG BUY,Active,08 Oct 2024,09 Oct 2024
GLOB,Globant S.A.,Technology,9.2B,3.82,168.8M,55.57,,212.29,0.09552069357002782,-0.10795024791999328,1.2,52.61%,36.14%,508.2K,0.004136484309832985,0.00017514807904187133,0.0007742154422849001,1.06,STRONG BUY,Active,08 Oct 2024,09 Oct 2024
GLPI,"Gaming and Leisure Properties, Inc.",Real Estate,14.0B,2.89,777.6M,17.65,5.96%,51.01,0.00019607843137251,0.03363728470111442,0.53,9.98%,17.12%,354.1K,0.00025385097986594307,-0.0026550864197301825,-0.005736881369238486,0.103,NEUTRAL,Active,08 Oct 2024,09 Oct 2024
GMED,"Globus Medical, Inc.",Healthcare,9.5B,0.2,40.7M,350.3,,70.06,0.0022889842632331414,0.3146931882154251,0.86,14.37%,26.43%,333.5K,-0.0007464913138669109,0.002581336629094842,0.005872132955850184,0.057,NEUTRAL,Active,08 Oct 2024,09 Oct 2024
GNTX,Gentex Corporation,Consumer Cyclical,6.6B,1.8,409.9M,15.93,1.67%,28.68,-0.007268951194184869,-0.11848778238819724,0.78,25.98%,25.07%,283.2K,-0.003697341304476337,-0.0003977321234098771,-0.0012732336103259648,0,NEUTRAL,Inactive,08 Oct 2024,09 Oct 2024
GPN,Global Payments Inc.,Industrials,25.1B,5.45,1.4B,18.13,1.01%,98.82,0.012811314953366815,-0.2218897637795276,1.08,44.71%,35.44%,1.3M,0.003342942220325221,0.002014962022076642,0.004961231131545607,0.726,BUY,Active,08 Oct 2024,09 Oct 2024
GPS,"The Gap, Inc.",Consumer Cyclical,9.2B,1.8,678.0M,13.64,2.45%,24.55,0.04379251700680277,0.18256262042389204,0.1,54.46%,71.63%,1.2M,0.009159550578380082,0.0021157569636269234,0.0040490072706277245,0.468,BUY,Active,08 Oct 2024,09 Oct 2024
GS,"The Goldman Sachs Group, Inc.",Financial Services,156.8B,31.18,10.5B,15.93,2.42%,496.57,0.003942420443977171,0.2872177722477124,1.01,16.76%,27.87%,4.1M,0.010906343058673173,0.003775092096701721,0.007436276747654389,0.162,NEUTRAL,Active,08 Oct 2024,09 Oct 2024
GWRE,"Guidewire Software, Inc.",Technology,15.2B,-0.07,-6.1M,,,182.65,0.00263490146566404,0.6750733675715334,1.12,18.09%,30.38%,449.6K,-0.0023762583089172694,0.0012537466546984502,0.002903295923952286,-0.315,SELL,Active,08 Oct 2024,09 Oct 2024
H,Hyatt Hotels Corporation,Consumer Cyclical,15.0B,9.31,975.0M,16.37,0.39%,152.44,0.00013121637580376744,0.1689287631316617,1.12,31.60%,30.20%,441.3K,0.008325303508629115,0.0007579419413842088,0.0022535674570132447,0,NEUTRAL,Inactive,08 Oct 2024,09 Oct 2024
HAS,"Hasbro, Inc.",Consumer Cyclical,10.1B,-7.47,-1.0B,,3.88%,72.11,-0.005242102358945999,0.43203825653165145,0.87,11.57%,23.16%,477.9K,0.010501482814017022,0.0039507257476126025,0.00778683240178861,-0.302,SELL,Active,08 Oct 2024,09 Oct 2024
HD,"The Home Depot, Inc.",Consumer Cyclical,411.4B,14.87,14.8B,27.85,2.17%,414.18,0.014997794441993836,0.19515221468763524,0.93,13.27%,20.22%,5.1M,-0.0004217117183218964,0.0006102074794973532,0.0003105504932332259,0.88,STRONG BUY,Active,08 Oct 2024,09 Oct 2024
HE,"Hawaiian Electric Industries, Inc.",Utilities,1.7B,-10.56,-1.2B,,,9.77,0.0051440329218105894,-0.31148696264975334,-0.23,46.91%,105.01%,291.2K,0.001822632143711764,0.0027148169486834427,0.00477160150286781,0,NEUTRAL,Inactive,08 Oct 2024,09 Oct 2024
HII,"Huntington Ingalls Industries, Inc.",Industrials,10.1B,18.83,748.0M,13.7,2.02%,257.91,0.005967704189094428,-0.0066630719457709195,0.47,14.87%,24.09%,271.9K,0.005284252635558838,0.001066720536727002,0.001857238399282385,0.231,NEUTRAL,Active,08 Oct 2024,09 Oct 2024
HOG,"Harley-Davidson, Inc.",Consumer Cyclical,4.5B,4.94,677.7M,6.9,2.03%,34.07,0.007690032534752972,-0.07519001085776338,1.17,33.73%,38.55%,347.6K,0.004264572636709181,0.0030167062757158096,0.006066707614683478,0.474,BUY,Active,08 Oct 2024,09 Oct 2024
HON,Honeywell International Inc.,Industrials,134.5B,8.78,5.8B,23.58,2.18%,207.0,0.018049476220921592,-0.012922607410233216,0.64,12.61%,18.04%,2.4M,0.0013928341788676756,0.0008516897859378455,0.0020290622356131044,0.305,BUY,Active,08 Oct 2024,09 Oct 2024
HPE,Hewlett Packard Enterprise Company,Technology,27.2B,1.41,1.9B,14.87,2.48%,20.97,0.005273250239693166,0.23498233215547693,1.3,34.07%,42.70%,1.9M,-0.0035249188832515215,0.0015923261744771415,0.0021538174812136485,-0.12,NEUTRAL,Active,08 Oct 2024,09 Oct 2024
HPQ,HP Inc.,Technology,34.7B,2.85,2.8B,12.63,3.06%,36.0,0.0025062656641604963,0.19641076769690927,0.86,32.06%,29.52%,1.6M,0.0014465462993204633,0.0007106708161039967,0.00021737446597097914,0.211,NEUTRAL,Active,08 Oct 2024,09 Oct 2024
HRB,"H&R Block, Inc.",Consumer Cyclical,8.6B,4.14,595.6M,14.94,2.42%,61.87,0.0022679410335331375,0.2790986148439115,0.67,8.66%,30.85%,332.2K,0.0,0.0,0.0,0.349,BUY,Active,08 Oct 2024,09 Oct 2024
HSIC,"Henry Schein, Inc.",Healthcare,8.9B,2.71,352.0M,25.83,,69.99,0.009956709956709924,-0.07555144630828159,0.55,25.05%,31.05%,446.2K,0.007818009283661534,-0.0008472036632548611,-0.0013627739385512483,0.774,BUY,Active,08 Oct 2024,09 Oct 2024
HUBB,Hubbell Incorporated,Industrials,23.7B,13.54,730.9M,32.58,1.11%,441.11,0.006112720388659551,0.3410452071869395,1.32,11.69%,33.80%,692.8K,0.0017680932403620732,0.0010922434422361987,0.0010318582797496664,0,NEUTRAL,Inactive,08 Oct 2024,09 Oct 2024
IAC,IAC Inc.,Communication Services,4.5B,-1.87,-157.9M,,,52.04,0.010878010878010923,-0.006491027109583876,1.41,31.59%,32.52%,161.8K,0.0,0.0,0.0,0.262,NEUTRAL,Active,08 Oct 2024,09 Oct 2024
IART,Integra LifeSciences Holdings Corporation,Healthcare,1.4B,0.29,23.6M,60.31,,17.49,0.003442340791738309,-0.5983926521239954,0.87,39.30%,55.79%,147.3K,-0.0010208910843903475,2.9649953697285187e-05,2.4930836136300856e-05,-0.123,NEUTRAL,Active,08 Oct 2024,09 Oct 2024
IBKR,"Interactive Brokers Group, Inc.",Financial Services,62.4B,6.32,681.0M,23.35,0.68%,147.59,-0.006596217271319848,0.7803377563329311,0.64,19.25%,26.93%,580.9K,0.005648316576861954,0.005945089905927508,0.013788322381434544,-0.773,SELL,Active,08 Oct 2024,09 Oct 2024
ICUI,"ICU Medical, Inc.",Healthcare,4.4B,-2.92,-70.8M,,,178.17,0.00547404063205417,0.7863444956887908,1.68,29.88%,54.78%,144.2K,0.00214985960069111,0.00047811432039153397,0.0016138948641643905,-0.085,NEUTRAL,Active,08 Oct 2024,09 Oct 2024
IDXX,"IDEXX Laboratories, Inc.",Healthcare,39.1B,10.08,845.6M,47.18,,475.53,0.006604432590334556,-0.14326637239888296,1.15,21.75%,25.82%,871.2K,0.001274853474021821,0.0015686567553935206,0.0033804100822988595,0.506,BUY,Active,08 Oct 2024,09 Oct 2024
IFF,International Flavors & Fragrances Inc.,Basic Materials,26.2B,-9.22,-2.4B,,1.56%,102.48,0.016767536461950568,0.26565394590589114,0.74,18.26%,18.56%,789.6K,0.009775279627540245,0.0032587149283929977,0.005108905724757125,1.017,STRONG BUY,Active,08 Oct 2024,09 Oct 2024
INTU,Intuit Inc.,Technology,171.9B,10.43,3.0B,58.81,0.68%,613.37,0.01815978619922656,-0.017176852245165224,1.31,23.32%,28.25%,2.9M,0.0,0.0,0.0,0.847,STRONG BUY,Active,08 Oct 2024,09 Oct 2024
IP,International Paper Company,Consumer Cyclical,16.4B,1.31,462.0M,36.14,3.91%,47.34,-0.007339064793457629,0.3095435684647304,0.59,20.77%,21.58%,1.2M,0.008754453991834488,0.00541253921485141,0.010016582853478714,0,NEUTRAL,Inactive,08 Oct 2024,09 Oct 2024
IPGP,IPG Photonics Corporation,Technology,3.3B,3.03,140.7M,24.57,,74.45,0.015966157205240198,-0.3140777593513912,1.57,41.06%,39.97%,97.6K,0.0005911080535831877,-0.0013114858133432918,-0.0029265837800513637,0.663,BUY,Active,08 Oct 2024,09 Oct 2024
IQV,IQVIA Holdings Inc.,Healthcare,41.3B,7.71,1.4B,29.41,,226.72,0.00603478878239255,-0.02014002938888407,1.25,27.88%,32.91%,1.1M,0.014893850142022564,0.0037912647892372623,0.006821626359505952,0.21,NEUTRAL,Active,08 Oct 2024,09 Oct 2024
IRM,Iron Mountain Incorporated,Real Estate,34.9B,0.78,229.4M,152.36,2.41%,118.84,0.01772715594758934,0.6981994855673049,0.91,19.03%,26.73%,632.4K,0.0019661987001705567,0.0017643596150938694,0.002770693881344961,0.941,STRONG BUY,Active,08 Oct 2024,09 Oct 2024
J,Jacobs Solutions Inc.,Industrials,17.1B,5.08,641.3M,27.04,0.84%,137.35,-0.004493730521127814,0.05816640986132498,0.81,20.87%,42.13%,470.0K,-0.001608406278130135,7.894312632157446e-05,0.00041381377702093844,-0.763,SELL,Active,08 Oct 2024,09 Oct 2024
JBL,Jabil Inc.,Technology,14.0B,11.17,1.4B,11.04,0.26%,123.34,0.0085036794766967,-0.03186813186813189,1.52,61.29%,40.06%,1.0M,0.010285825344610046,0.007429339737130315,0.016743533311849322,0.36,BUY,Active,08 Oct 2024,09 Oct 2024
JBLU,JetBlue Airways Corporation,Industrials,2.5B,-2.79,-947.0M,,,7.07,-0.022130013831258663,0.27387387387387396,0.97,81.71%,77.78%,735.1K,0.004341944491851043,-0.002053841257225479,-0.0033028642063704875,0,NEUTRAL,Inactive,08 Oct 2024,09 Oct 2024
JCI,Johnson Controls International plc,Industrials,51.0B,2.38,1.6B,32.08,1.94%,76.35,0.010589013898080705,0.3246009715475363,1.12,13.78%,25.73%,1.8M,0.0030645128553186706,0.004987350206479174,0.010748554455625683,0.753,BUY,Active,08 Oct 2024,09 Oct 2024
JEF,Jefferies Financial Group Inc.,Financial Services,13.1B,2.34,488.6M,27.21,2.20%,63.66,0.0060050568900125705,0.5753526354862658,1.15,12.60%,26.35%,315.7K,-0.0004112015808673423,0.001108078523014585,0.0020088155115818756,0,NEUTRAL,Inactive,08 Oct 2024,09 Oct 2024
JHG,Janus Henderson Group plc,Financial Services,6.2B,2.92,462.8M,13.34,4.00%,38.96,0.008020698576972893,0.29220563847429526,1.21,22.24%,25.85%,191.7K,0.001886766806463252,0.0010854968614869246,0.0026472917099483037,0.106,NEUTRAL,Active,08 Oct 2024,09 Oct 2024
JLL,Jones Lang LaSalle Incorporated,Real Estate,12.4B,7.93,382.6M,32.99,,261.65,0.007508663842895605,0.3853444167946205,1.45,21.11%,31.84%,241.5K,0.009275819831193976,0.006926478427895748,0.013395314651459407,0,NEUTRAL,Inactive,08 Oct 2024,09 Oct 2024
JNJ,Johnson & Johnson,Healthcare,384.4B,6.61,16.4B,24.16,3.11%,159.69,0.0010029461543283181,0.01882097741482703,0.07,8.44%,16.70%,5.4M,0.004580529362599144,0.001366636736535884,0.003564962691027445,-0.119,NEUTRAL,Active,08 Oct 2024,09 Oct 2024
JNPR,"Juniper Networks, Inc.",Technology,12.8B,0.71,233.7M,54.61,2.27%,38.77,0.0,0.31512890094979656,0.16,2.60%,7.54%,787.6K,0.0021378332598118825,-0.0006643093781308355,-0.0027711128437821137,-0.012,NEUTRAL,Active,08 Oct 2024,09 Oct 2024
JPM,JPMorgan Chase & Co.,Financial Services,599.6B,17.93,52.2B,11.75,2.37%,210.75,-0.0008533636751529266,0.2466172751874362,0.65,22.02%,24.64%,9.0M,0.0026923779270579215,0.0011912252096430895,0.0020806361929710322,-0.118,NEUTRAL,Active,08 Oct 2024,09 Oct 2024
JWN,"Nordstrom, Inc.",Consumer Cyclical,3.6B,1.73,284.0M,12.71,3.46%,21.99,0.0036513007759013372,0.19186991869918696,1.27,27.50%,36.41%,510.3K,0.011513701692341106,0.00262389800102349,0.004565909652914309,0.101,NEUTRAL,Active,08 Oct 2024,09 Oct 2024
KEX,Kirby Corporation,Industrials,7.0B,4.71,278.7M,25.56,,120.37,-0.020027680534071432,0.5337665647298675,1.0,23.14%,33.14%,233.1K,0.005755819312516416,0.0019396502985021323,0.005183578456941704,0,NEUTRAL,Inactive,08 Oct 2024,09 Oct 2024
KEY,KeyCorp,Financial Services,15.5B,0.76,716.0M,22.01,4.90%,16.73,-0.002385211687537218,0.16180555555555556,1.28,24.08%,36.01%,1.6M,-0.001549641023978096,0.0006137584738943774,0.0013190513236021187,0,NEUTRAL,Inactive,08 Oct 2024,09 Oct 2024
KHC,The Kraft Heinz Company,Consumer Defensive,41.9B,1.56,1.9B,22.22,4.62%,34.66,0.0020237062734892505,-0.06273661438615469,0.15,17.78%,19.37%,1.8M,0.008486474512768044,-0.00011663250964798807,-0.001108151488297968,0,NEUTRAL,Inactive,08 Oct 2024,09 Oct 2024
KMI,"Kinder Morgan, Inc.",Energy,51.8B,1.09,2.4B,21.39,4.93%,23.32,-0.011026293469041477,0.34385210711630765,0.42,21.64%,18.72%,1.8M,-0.0009752415917529617,0.0031190319045044175,0.005214881887630207,0,NEUTRAL,Inactive,08 Oct 2024,09 Oct 2024
KMPR,Kemper Corporation,Financial Services,3.9B,0.78,51.8M,76.71,2.07%,59.83,0.014067796610169462,0.22929936305732476,0.57,24.00%,26.27%,112.8K,0.012527900574009543,0.004506171722674102,0.01035594857148867,0.335,BUY,Active,08 Oct 2024,09 Oct 2024
KMX,"CarMax, Inc.",Consumer Cyclical,11.2B,2.66,417.5M,27.12,,72.13,-0.0019371800193718081,-0.06007297367735209,1.46,36.93%,34.25%,825.4K,0.00611855192903832,-2.7787685394192665e-05,0.0020829119631594274,0,NEUTRAL,Inactive,08 Oct 2024,09 Oct 2024
KR,The Kroger Co.,Consumer Defensive,40.5B,3.82,2.8B,14.66,2.29%,56.0,0.0007147962830593128,0.225114854517611,0.19,19.52%,22.90%,1.5M,-0.004509807710227077,0.0003320620149251159,0.0009551840448803952,0.2,NEUTRAL,Active,08 Oct 2024,09 Oct 2024
KSS,Kohl's Corporation,Consumer Cyclical,2.1B,2.55,284.0M,7.51,10.45%,19.14,0.006838506049447606,-0.3326359832635983,1.43,43.70%,39.97%,949.5K,0.0016642954226769706,0.002916560832576568,0.005746533961383713,0.037,NEUTRAL,Active,08 Oct 2024,09 Oct 2024
LAD,"Lithia Motors, Inc.",Consumer Cyclical,8.1B,30.95,851.6M,9.82,0.70%,304.03,-0.0015435139573071503,-0.07668245869776483,1.46,29.42%,41.25%,271.0K,0.010383756908671472,0.004505665352597706,0.00788512411062407,0,NEUTRAL,Inactive,08 Oct 2024,09 Oct 2024
LECO,"Lincoln Electric Holdings, Inc.",Industrials,10.7B,8.85,511.1M,21.41,1.50%,189.48,-0.008165829145728656,-0.12866734112020609,0.99,22.79%,31.32%,242.3K,0.0027623614887915095,0.0006950674760969849,-3.3938738919297995e-05,-0.504,SELL,Active,08 Oct 2024,09 Oct 2024
LII,Lennox International Inc.,Industrials,21.7B,18.06,645.1M,33.66,0.76%,607.92,0.02353773108394771,0.3584197354308187,1.29,18.06%,30.67%,488.6K,1.4000180195267685e-05,-0.0004955846753317808,-0.00247835999500491,0.872,STRONG BUY,Active,08 Oct 2024,09 Oct 2024
LLY,Eli Lilly and Company,Healthcare,822.7B,8.13,7.3B,112.39,0.57%,913.72,0.017052537845057936,0.567487819940987,0.89,24.46%,37.50%,10.0M,0.003858836694966671,0.0030267740520900023,0.006058753003801973,0.952,STRONG BUY,Active,08 Oct 2024,09 Oct 2024
LNT,Alliant Energy Corporation,Utilities,15.3B,2.45,625.0M,24.32,3.22%,59.59,0.004213009774182676,0.17304535092934178,0.3,12.19%,14.82%,432.3K,0.0002782611441999014,0.0006295730315921582,0.0013435116260433007,0,NEUTRAL,Inactive,08 Oct 2024,09 Oct 2024
LOPE,"Grand Canyon Education, Inc.",Consumer Defensive,4.0B,7.37,219.3M,18.42,,135.74,-0.005786274078956948,0.028021811572250963,0.59,15.79%,21.66%,96.3K,0.019350649261025022,-0.0011368841963819243,-0.0028489895074678482,-0.474,SELL,Active,08 Oct 2024,09 Oct 2024
LOW,"Lowe's Companies, Inc.",Consumer Cyclical,155.0B,12.11,6.9B,22.57,1.68%,273.27,0.01761376331272794,0.23407839267690733,0.94,13.57%,22.17%,2.7M,0.0,0.0,0.0,0.862,STRONG BUY,Active,08 Oct 2024,09 Oct 2024
LPX,Louisiana-Pacific Corporation,Industrials,7.5B,6.15,444.0M,17.39,0.97%,106.95,-0.011644025505960548,0.5099534095722152,1.14,20.06%,27.70%,339.4K,0.0036462842058734186,0.001020007096087653,0.0015791593534483389,-0.515,SELL,Active,08 Oct 2024,09 Oct 2024
LSXMA,The Liberty SiriusXM Group,Communication Services,7.3B,2.55,845.0M,8.74,,22.56,-0.020833333333333353,-0.2150313152400835,-0.07,19.46%,28.71%,233.2K,0.0024107359592007464,0.002062607015866161,0.0038482028179223026,0,NEUTRAL,Inactive,08 Oct 2024,09 Oct 2024
LULU,Lululemon Athletica Inc.,Consumer Cyclical,34.0B,12.94,1.6B,21.37,,276.59,0.015083675866118454,-0.4590349899274385,1.24,40.47%,39.53%,3.7M,-0.001059744025377144,0.0006412105834353599,0.001190666677482914,0.702,BUY,Active,08 Oct 2024,09 Oct 2024
LUMN,"Lumen Technologies, Inc.",Communication Services,6.5B,-2.1,-2.1B,,,6.43,0.0321027287319421,2.513661202185792,1.82,63.08%,189.10%,497.6K,0.007116283047206898,0.0029218204664742406,0.006745145023182046,0.704,BUY,Active,08 Oct 2024,09 Oct 2024
LW,"Lamb Weston Holdings, Inc.",Consumer Defensive,10.1B,4.26,618.1M,16.69,2.03%,71.11,0.027155857287303124,-0.34212230548616895,1.19,28.15%,74.13%,1.1M,0.0012384513505253525,0.0026842795075782493,0.00520401647726239,0.859,STRONG BUY,Active,08 Oct 2024,09 Oct 2024
LYV,"Live Nation Entertainment, Inc.",Communication Services,25.9B,1.1,255.7M,101.45,,111.59,0.006948204295253657,0.19220085470085482,1.13,17.30%,22.65%,1.1M,-0.0001602096347776004,0.0021922575906862065,0.004493886579727691,0.121,NEUTRAL,Active,08 Oct 2024,09 Oct 2024
MAA,"Mid-America Apartment Communities, Inc.",Real Estate,18.4B,4.41,513.0M,34.7,3.84%,153.04,-0.003256480395988016,0.15094322595006957,0.69,10.07%,19.01%,520.3K,0.0019236988083554897,0.00097022691862331,0.0012303138298969654,0,NEUTRAL,Inactive,08 Oct 2024,09 Oct 2024
MANH,"Manhattan Associates, Inc.",Technology,17.5B,3.29,204.7M,87.02,,286.28,0.019987886129618257,0.3295560096600408,1.03,21.45%,34.85%,375.0K,0.009119123269409578,0.004889943925888822,0.013176573439107043,0,NEUTRAL,Inactive,08 Oct 2024,09 Oct 2024
MAR,"Marriott International, Inc.",Consumer Cyclical,72.2B,9.98,2.9B,25.71,0.98%,256.58,0.00556513560119136,0.13777659527293687,0.95,20.13%,24.75%,1.5M,0.006689104725371754,0.0029380044218609014,0.00626611266740244,0.889,STRONG BUY,Active,08 Oct 2024,09 Oct 2024
MDU,"MDU Resources Group, Inc.",Industrials,5.7B,2.01,410.4M,13.99,1.85%,28.11,0.024416909620991186,0.4196969696969696,0.78,17.26%,25.91%,170.3K,-0.003337037911586993,0.0018525270276448112,0.0013480041767017022,0,NEUTRAL,Inactive,08 Oct 2024,09 Oct 2024
MHK,"Mohawk Industries, Inc.",Consumer Cyclical,9.8B,-5.65,-358.5M,,,155.54,0.0021907216494845582,0.5028019323671497,1.3,21.43%,47.55%,422.1K,0.0031603385736122206,-0.0017443591835101045,-0.0037834254054056483,0.106,NEUTRAL,Active,08 Oct 2024,09 Oct 2024
MIDD,The Middleby Corporation,Industrials,7.1B,7.15,386.9M,18.46,,132.0,-0.003547973125990782,-0.10307807297682944,0.99,21.36%,32.54%,293.4K,-0.00020869102003693164,0.005200682260411781,0.010726704219654158,0,NEUTRAL,Inactive,08 Oct 2024,09 Oct 2024
MKC,"McCormick & Company, Incorporated",Consumer Defensive,21.4B,2.94,792.6M,27.09,2.11%,79.63,0.0031494079113126732,0.16384098216895635,0.18,17.51%,15.82%,764.3K,0.0011384335243240402,0.0017298217840449677,0.0034654070117393515,0,NEUTRAL,Inactive,08 Oct 2024,09 Oct 2024
MKTX,MarketAxess Holdings Inc.,Financial Services,10.4B,6.95,262.1M,39.7,1.07%,275.89,0.007780537697253052,-0.05791360764896717,0.79,39.69%,32.90%,360.9K,-0.0024744150733309505,0.00041324544466959197,0.00030599682810991116,0,NEUTRAL,Inactive,08 Oct 2024,09 Oct 2024
MO,"Altria Group, Inc.",Consumer Defensive,84.5B,5.8,10.1B,8.54,8.23%,49.55,-0.007411858974359065,0.22830937035200777,0.29,7.00%,17.41%,2.7M,0.0005030011746914764,0.0002446832911735237,0.00011578001906212259,-0.925,STRONG SELL,Active,08 Oct 2024,09 Oct 2024
MOH,"Molina Healthcare, Inc.",Healthcare,19.0B,18.23,1.1B,17.82,,324.93,-0.0010145729570189513,-0.10068915889402451,0.18,19.26%,40.93%,644.2K,0.0008998255396790535,-0.0007656632072738834,-0.0020631118730265125,-0.108,NEUTRAL,Active,08 Oct 2024,09 Oct 2024
MORN,"Morningstar, Inc.",Financial Services,14.4B,5.7,245.9M,58.82,0.48%,335.28,0.07169570081508694,0.17306485234875363,0.71,38.00%,24.83%,96.9K,0.015106793216580136,0.005887644228127115,0.012273614966310693,0.936,STRONG BUY,Active,08 Oct 2024,09 Oct 2024
MPW,"Medical Properties Trust, Inc.",Real Estate,3.3B,-2.9,-1.7B,,5.84%,5.48,-0.016157989228007156,0.11608961303462327,1.14,29.33%,59.40%,660.2K,-0.002498277366047509,-0.0003873274490869106,-0.0010784193017417385,-0.453,SELL,Active,08 Oct 2024,09 Oct 2024
MPWR,"Monolithic Power Systems, Inc.",Technology,45.0B,8.4,411.0M,109.9,0.54%,923.14,-0.0076324389404885005,0.4634896477377216,2.69,33.19%,64.89%,1.1M,0.0034179590644824215,0.0008723293570333779,0.0026836844277323643,-0.303,SELL,Active,08 Oct 2024,09 Oct 2024
MRNA,"Moderna, Inc.",Healthcare,22.4B,-15.35,-5.9B,,,58.39,-0.005619891008174358,-0.4128707893413776,1.52,35.00%,67.65%,2.6M,0.0006065506019989587,0.000398602545340774,0.0009038031394130812,-0.01,NEUTRAL,Active,08 Oct 2024,09 Oct 2024
MRVL,"Marvell Technology, Inc.",Technology,63.3B,-1.11,-965.9M,,0.33%,73.11,-0.008274552360282142,0.21352052079633232,2.55,33.10%,61.18%,4.6M,0.0,0.0,0.0,0,NEUTRAL,Inactive,08 Oct 2024,09 Oct 2024
MS,Morgan Stanley,Financial Services,173.9B,6.08,9.9B,17.68,3.44%,107.49,-0.0013935340022297072,0.16399950620171658,1.0,18.85%,26.39%,4.0M,0.008040238632441188,0.003355428420031851,0.006797009761274838,-0.044,NEUTRAL,Active,08 Oct 2024,09 Oct 2024
MSA,MSA Safety Incorporated,Industrials,6.8B,6.9,272.0M,24.88,1.19%,171.68,0.002803738317757116,0.016880886098442186,0.8,20.61%,23.68%,90.4K,-0.0006758498302115734,-5.961821204988145e-05,-0.0006437991927912405,-0.095,NEUTRAL,Active,08 Oct 2024,09 Oct 2024
MSGS,Madison Square Garden Sports Corp.,Communication Services,5.2B,2.43,58.8M,88.58,,215.25,0.0040582143856703265,0.1837980531265467,0.76,13.88%,17.72%,84.9K,0.0034400326574692526,-0.001575154229585224,-0.002483397934955447,0.707,BUY,Active,08 Oct 2024,09 Oct 2024
MTB,M&T Bank Corporation,Financial Services,29.6B,13.49,2.3B,13.16,3.04%,177.52,-0.001743237923859879,0.2950102130142982,0.87,28.62%,23.79%,699.4K,0.0012509374152090262,0.0004863702586576739,0.000998346692174181,-0.151,NEUTRAL,Active,08 Oct 2024,09 Oct 2024
MTCH,"Match Group, Inc.",Communication Services,9.7B,2.3,649.9M,16.4,,37.72,0.005062616573407879,0.033424657534246546,1.05,12.56%,38.49%,1.1M,0.0009817630524013164,0.0015893594959172084,0.002736461798817766,0.23,NEUTRAL,Active,08 Oct 2024,09 Oct 2024
MTZ,"MasTec, Inc.",Industrials,10.2B,0.12,7.9M,1070.25,,128.43,-0.008645310690852987,0.6961172741679874,1.83,17.98%,39.67%,437.1K,0.0054297476268093635,0.0012386723075314583,0.0018143451893097994,-0.574,SELL,Active,08 Oct 2024,09 Oct 2024
NCLH,Norwegian Cruise Line Holdings Ltd.,Consumer Cyclical,9.1B,0.97,420.2M,21.44,,20.8,0.035340965654554544,0.037924151696606866,1.76,49.60%,47.06%,1.9M,0.013974638230898818,0.012962138056359776,0.02558364906454378,0.541,BUY,Active,08 Oct 2024,09 Oct 2024
NCNO,"nCino, Inc.",Technology,3.6B,-0.26,-29.2M,,,31.09,0.03151957531519573,-0.07552780255724063,1.26,30.49%,41.57%,164.1K,0.0,0.0,0.0,0.869,STRONG BUY,Active,08 Oct 2024,09 Oct 2024
NEE,"NextEra Energy, Inc.",Utilities,165.5B,3.07,6.3B,26.22,2.56%,80.5,0.0026155187445509247,0.3253210405004939,0.52,25.64%,26.96%,4.7M,0.005954690632751725,0.0024179321475942843,0.005226557101158897,0.013,NEUTRAL,Active,08 Oct 2024,09 Oct 2024
NFG,National Fuel Gas Company,Energy,5.4B,3.45,318.8M,17.22,3.47%,59.42,-0.014920424403183,0.18437313135339845,0.42,22.45%,16.82%,126.6K,-0.0029955421492052292,-0.0015648621532032038,-0.00254215996764408,0,NEUTRAL,Inactive,08 Oct 2024,09 Oct 2024
NFLX,"Netflix, Inc.",Communication Services,309.8B,16.02,7.1B,45.05,,721.76,0.028265329382265832,0.4824186657903385,1.09,24.10%,24.42%,10.5M,-0.003677422224422116,-0.00016663100640855265,0.0002762707884879214,0,NEUTRAL,Inactive,08 Oct 2024,09 Oct 2024
NI,NiSource Inc.,Utilities,15.3B,1.63,732.2M,20.93,3.11%,34.12,0.002939447383891661,0.28512241054613924,0.36,11.91%,14.13%,740.8K,-0.00015884476245622793,-0.00015502805215819343,-0.0039097796675340996,0,NEUTRAL,Inactive,08 Oct 2024,09 Oct 2024
NLY,"Annaly Capital Management, Inc.",Real Estate,10.6B,-1.34,-660.8M,,13.22%,19.67,0.016012396694214993,0.015487867836861161,0.98,18.88%,18.28%,595.9K,0.0023059470093197694,0.002828131322043366,0.005933432722492592,0,NEUTRAL,Inactive,08 Oct 2024,09 Oct 2024
NRG,"NRG Energy, Inc.",Utilities,19.3B,9.12,2.0B,10.26,1.74%,93.56,-0.007742072330045645,0.8234226789657398,1.11,17.14%,38.65%,1.2M,0.006670165145564117,0.0036139242419501554,0.008685982419472328,-0.747,SELL,Active,08 Oct 2024,09 Oct 2024
NSA,National Storage Affiliates Trust,Real Estate,5.7B,1.77,153.9M,25.3,5.00%,44.78,0.005388414907947957,0.07981673498914883,0.75,27.31%,25.42%,155.6K,0.009857181541776679,0.005867173405377943,0.011523953844860196,0.267,NEUTRAL,Active,08 Oct 2024,09 Oct 2024
NTAP,"NetApp, Inc.",Technology,25.9B,5.11,1.1B,24.77,1.64%,126.55,0.021553115918630947,0.44382214119222857,1.23,26.50%,32.87%,878.1K,-0.0003228708585862193,0.0009249006221012021,0.0008897329352229681,0.978,STRONG BUY,Active,08 Oct 2024,09 Oct 2024
NTNX,"Nutanix, Inc.",Technology,16.2B,-0.51,-124.8M,,,61.19,0.012911769574573765,0.28307821346194173,1.5,39.84%,51.17%,805.7K,0.009066888728480813,0.0051258006385711,0.011486750674530418,0,NEUTRAL,Inactive,08 Oct 2024,09 Oct 2024
NUE,Nucor Corporation,Basic Materials,35.2B,13.88,3.4B,10.67,1.46%,148.11,-0.03037643207855965,-0.14898873822109848,0.78,21.09%,29.93%,1.1M,0.0028874875588457876,0.0015618099720038571,0.002397001783683371,0,NEUTRAL,Inactive,08 Oct 2024,09 Oct 2024
NVAX,"Novavax, Inc.",Healthcare,2.1B,-2.62,-294.3M,,,13.04,0.001536098310291826,1.7166666666666663,1.82,127.13%,111.53%,761.5K,0.04645976294577093,0.012022361314358566,0.028919705957796103,0.091,NEUTRAL,Active,08 Oct 2024,09 Oct 2024
NVCR,NovoCure Limited,Healthcare,1.6B,-1.58,-168.7M,,,14.66,0.0034223134839151755,-0.01808439383791022,1.93,47.96%,69.51%,117.0K,0.024097534975217768,0.0035121304933420873,0.006369984879204458,0.093,NEUTRAL,Active,08 Oct 2024,09 Oct 2024
NVST,Envista Holdings Corporation,Healthcare,3.1B,-7.74,-1.3B,,,18.2,-0.0027397260273972993,-0.24355777223607647,1.09,33.52%,42.61%,340.7K,6.620267340562295e-05,2.9641808214803686e-06,0.0010732292544234142,0.099,NEUTRAL,Active,08 Oct 2024,09 Oct 2024
NVT,nVent Electric plc,Industrials,11.7B,3.42,576.5M,20.66,1.08%,70.66,-0.015328874024526316,0.19989064115866026,1.73,28.25%,43.36%,578.1K,0.0015170683675220027,0.00132967133459461,0.002904790215368526,-0.715,SELL,Active,08 Oct 2024,09 Oct 2024
NXST,"Nexstar Media Group, Inc.",Communication Services,5.3B,12.75,432.0M,12.8,4.14%,163.19,-0.0015907005200366529,0.04108452950558212,1.01,19.81%,28.79%,202.0K,-0.001312841584224636,-0.0005235987295788868,-0.0011600031307786175,-0.055,NEUTRAL,Active,08 Oct 2024,09 Oct 2024
O,Realty Income Corporation,Real Estate,53.6B,1.08,838.4M,56.95,5.14%,61.51,-0.0025944543538187724,0.07623208539869221,0.32,9.09%,14.72%,2.0M,0.001265824484962452,0.00015422684138201656,0.0002450765416526443,-0.082,NEUTRAL,Active,08 Oct 2024,09 Oct 2024
ODFL,"Old Dominion Freight Line, Inc.",Industrials,41.2B,5.84,1.3B,32.9,0.54%,192.16,0.018983985576413107,-0.5259171539239632,0.7,22.40%,33.34%,1.4M,0.0035525870242412686,0.0007953008076916892,0.0015349888521222748,0.405,BUY,Active,08 Oct 2024,09 Oct 2024
OGE,OGE Energy Corp.,Utilities,8.0B,2.04,411.0M,19.53,4.23%,39.84,0.002012072434607782,0.1540734389302806,0.28,9.56%,14.84%,279.0K,0.006278386842548006,0.0015062800625453303,0.001003292942961742,0.097,NEUTRAL,Active,08 Oct 2024,09 Oct 2024
OMC,Omnicom Group Inc.,Communication Services,19.9B,7.23,1.4B,14.04,2.76%,101.48,0.006147134642078173,0.17304357877701998,0.75,16.72%,21.90%,643.9K,0.0018591222852274512,0.0012969164362694869,0.0019412812104819357,0.287,NEUTRAL,Active,08 Oct 2024,09 Oct 2024
ORCL,Oracle Corporation,Technology,483.2B,3.89,11.0B,44.83,0.92%,174.37,0.025886921221392044,0.6603014003585879,1.25,21.36%,33.31%,6.5M,-0.004315710163361631,0.00022405069567842605,0.0017816017629970066,1.011,STRONG BUY,Active,08 Oct 2024,09 Oct 2024
OSK,Oshkosh Corporation,Industrials,6.5B,10.34,682.5M,9.69,1.84%,100.15,-0.014659582841400972,-0.07619223318882014,1.13,24.52%,33.41%,248.0K,0.003342168998267378,0.0015140678627922858,0.002497654711499343,0,NEUTRAL,Inactive,08 Oct 2024,09 Oct 2024
PANW,"Palo Alto Networks, Inc.",Technology,115.6B,7.28,2.6B,48.78,,355.13,0.050867017813813094,0.20432040151926206,1.29,37.31%,35.74%,6.5M,0.009148432836447938,0.0011494230722365808,0.0022582981944267253,1.027,STRONG BUY,Active,08 Oct 2024,09 Oct 2024
PARA,Paramount Global,Communication Services,7.5B,-8.74,-5.8B,,1.90%,10.5,-0.001901140684410606,-0.29006085192697767,1.03,15.16%,31.25%,1.5M,0.004567089281434663,0.00182351611774245,0.003308851200164627,0.009,NEUTRAL,Active,08 Oct 2024,09 Oct 2024
PAYC,"Paycom Software, Inc.",Technology,9.2B,8.28,472.1M,19.32,0.94%,159.94,-0.02243139172422233,-0.22629643962848298,0.95,22.77%,32.71%,734.6K,0.00815014912901835,0.000597470712995435,0.0006485936135227069,-0.759,SELL,Active,08 Oct 2024,09 Oct 2024
PCAR,PACCAR Inc,Industrials,53.9B,9.43,5.0B,10.9,1.17%,102.8,-0.0017479122159643312,0.05273937532002039,0.86,21.57%,32.59%,1.2M,-0.0008633712773934426,0.0004767208687901398,0.0013164419036212748,-0.197,NEUTRAL,Active,08 Oct 2024,09 Oct 2024
PCTY,Paylocity Holding Corporation,Technology,9.0B,3.63,206.8M,44.67,,162.14,-0.023194168323393112,-0.016439187139824132,0.85,31.94%,34.56%,364.4K,0.0028462223506366584,0.0019318103591389186,0.004406589977242847,-0.817,STRONG SELL,Active,08 Oct 2024,09 Oct 2024
PEG,Public Service Enterprise Group Incorporated,Utilities,45.3B,3.3,1.7B,27.57,2.64%,90.99,0.011224716603689608,0.4879803761242845,0.44,18.20%,18.25%,1.1M,0.012298228740718467,0.004989236859414773,0.008489964005998978,0.755,BUY,Active,08 Oct 2024,09 Oct 2024
PEN,"Penumbra, Inc.",Healthcare,7.6B,0.35,14.2M,556.6,,194.81,0.02096326188354908,-0.2255307306988948,0.83,26.87%,47.24%,394.6K,-0.0012563820680849948,-0.0003715447031691179,-0.0008002269171826209,0.552,BUY,Active,08 Oct 2024,09 Oct 2024
PFG,"Principal Financial Group, Inc.",Financial Services,19.9B,5.26,1.3B,16.33,3.35%,85.87,0.002334539512081275,0.09152154569721625,0.71,21.55%,23.93%,372.0K,-0.002721034589029263,0.0021694757972421453,0.005569742591268229,-0.029,NEUTRAL,Active,08 Oct 2024,09 Oct 2024
PFGC,Performance Food Group Company,Consumer Defensive,12.2B,2.79,435.9M,28.1,,78.41,0.004869921824939068,0.13391178597252335,0.85,10.49%,29.85%,383.9K,0.00520703249692116,0.0005330987594747346,0.0017400248341644105,0.361,BUY,Active,08 Oct 2024,09 Oct 2024
PLD,"Prologis, Inc.",Real Estate,110.5B,3.03,2.8B,39.39,3.22%,119.34,-0.005499999999999972,-0.1047261815453864,1.06,14.18%,23.25%,2.1M,0.003939247270982936,0.0003808956160493739,1.6530579587481313e-05,-0.345,SELL,Active,08 Oct 2024,09 Oct 2024
PLNT,"Planet Fitness, Inc.",Consumer Cyclical,6.9B,1.82,157.4M,44.26,,80.56,-0.007881773399014785,0.10356164383561647,0.75,23.24%,23.29%,622.8K,-0.003343276084880953,0.0030862701587563114,0.00656459318686862,-0.076,NEUTRAL,Active,08 Oct 2024,09 Oct 2024
PM,Philip Morris International Inc.,Consumer Defensive,184.7B,5.65,8.8B,21.03,4.55%,118.8,-0.0009250693802035105,0.2627551020408163,0.27,9.59%,17.11%,2.8M,0.0011880072467316657,0.0009829897508579072,0.002060046112890469,-0.162,NEUTRAL,Active,08 Oct 2024,09 Oct 2024
PNC,"The PNC Financial Services Group, Inc.",Financial Services,71.9B,11.94,4.8B,15.15,3.54%,180.86,-0.007517971793886716,0.17995909353358155,0.9,21.58%,24.28%,1.5M,-0.0008580410459024638,0.0013097651618361938,0.002716009353788632,0,NEUTRAL,Inactive,08 Oct 2024,09 Oct 2024
PNW,Pinnacle West Capital Corporation,Utilities,9.8B,5.42,618.9M,15.99,4.06%,86.69,-0.004821490070026423,0.22197898855830717,0.24,16.14%,18.71%,414.8K,0.000333421887858322,-0.0009514356422968872,-0.0022203724411151444,-0.526,SELL,Active,08 Oct 2024,09 Oct 2024
PPC,Pilgrim's Pride Corporation,Consumer Defensive,10.9B,3.19,756.7M,14.46,,46.12,0.013403647549989002,0.6673897324656543,0.07,62.83%,35.76%,159.2K,-0.0013169700089983073,-0.0006434129661386564,-0.002275593274946587,0,NEUTRAL,Inactive,08 Oct 2024,09 Oct 2024
PPL,PPL Corporation,Utilities,23.7B,1.13,839.0M,28.42,3.21%,32.12,0.007844367743959725,0.18523985239852384,0.23,15.11%,14.40%,963.0K,0.006181267923127672,0.0022887473611708994,0.004076670641931542,0.603,BUY,Active,08 Oct 2024,09 Oct 2024
PRGO,Perrigo Company plc,Healthcare,3.3B,-0.83,-113.8M,,4.51%,24.46,0.0036930652441526405,-0.23990055935363577,0.44,29.74%,27.57%,294.4K,0.0059402831757771335,0.0055704871382270095,0.011582993821476048,0.223,NEUTRAL,Active,08 Oct 2024,09 Oct 2024
PRU,"Prudential Financial, Inc.",Financial Services,43.2B,7.83,2.8B,15.44,4.30%,120.88,0.0034866345674912976,0.16555780541895673,0.87,22.95%,30.00%,693.0K,-0.0018351933374177256,0.0011495002124193594,0.0015122074515585083,0.42,BUY,Active,08 Oct 2024,09 Oct 2024
PSTG,"Pure Storage, Inc.",Technology,17.2B,0.43,136.5M,122.12,,52.51,0.023187840997661687,0.4725182277061134,1.93,30.66%,52.36%,1.1M,0.008660841876370317,0.002776471460509579,0.006646094395935387,0,NEUTRAL,Inactive,08 Oct 2024,09 Oct 2024
PSX,Phillips 66,Energy,55.4B,11.66,5.1B,11.35,3.48%,132.33,-0.04454873646209377,-0.006083821541234595,0.49,30.95%,29.38%,1.9M,0.0,0.0,0.0,0,NEUTRAL,Inactive,08 Oct 2024,09 Oct 2024
PTC,PTC Inc.,Technology,21.4B,2.46,295.4M,72.36,,178.0,0.004004737999887236,0.017375400091449427,1.13,24.45%,23.08%,611.1K,8.335569721604446e-05,0.0024776906814384147,0.005466624848398274,0.014,NEUTRAL,Active,08 Oct 2024,09 Oct 2024
PVH,PVH Corp.,Consumer Cyclical,5.4B,12.5,742.8M,7.76,0.15%,97.06,-0.0015430511264272347,-0.2052079921388798,1.46,35.71%,33.66%,519.5K,0.008772421836205229,0.002256030362515398,0.004729277819515972,0.019,NEUTRAL,Active,08 Oct 2024,09 Oct 2024
QDEL,QuidelOrtho Corporation,Healthcare,2.8B,-27.75,-1.9B,,,42.16,-0.032583754015603525,-0.42795115332428774,0.58,39.26%,45.65%,220.0K,0.0,0.0,0.0,-0.896,STRONG SELL,Active,08 Oct 2024,09 Oct 2024
QGEN,Qiagen N.V.,Healthcare,9.7B,0.34,72.7M,128.12,,43.56,0.005540166204986196,0.0012941427970494517,0.75,20.25%,22.77%,316.2K,0.0028231972094697436,8.144769788710591e-05,0.00046971388667900883,0.148,NEUTRAL,Active,08 Oct 2024,09 Oct 2024
R,"Ryder System, Inc.",Industrials,6.3B,10.85,494.0M,13.46,2.22%,145.99,0.00047971491228084983,0.2688162697722928,1.06,18.77%,29.09%,138.6K,0.0028839269355648203,0.0036311096853415643,0.007513145778664241,-0.089,NEUTRAL,Active,08 Oct 2024,09 Oct 2024
RBA,"RB Global, Inc.",Industrials,15.0B,1.82,328.5M,44.7,1.43%,81.36,0.012570006222775423,0.21632531021079382,0.82,19.38%,27.40%,420.6K,0.00031002244317283054,-0.0012863456607737477,-0.0036472967663932535,0.95,STRONG BUY,Active,08 Oct 2024,09 Oct 2024
RCL,Royal Caribbean Cruises Ltd.,Consumer Cyclical,47.2B,9.17,2.5B,20.0,0.87%,183.39,0.02002336058735188,0.4162483589466366,1.41,34.67%,41.92%,1.9M,0.0025497109751770673,0.004548677095387772,0.012367132513860499,0.85,STRONG BUY,Active,08 Oct 2024,09 Oct 2024
REGN,"Regeneron Pharmaceuticals, Inc.",Healthcare,110.8B,37.8,4.3B,26.59,,1005.26,0.009246523768887141,0.14456500700224303,0.61,18.64%,23.51%,1.6M,-0.00039772126076544653,0.001051902452397499,0.0015966333044717365,0,NEUTRAL,Inactive,08 Oct 2024,09 Oct 2024
REXR,"Rexford Industrial Realty, Inc.",Real Estate,10.6B,1.21,256.4M,38.92,3.55%,47.09,-0.007586933614330862,-0.16060606060606056,1.07,13.10%,23.32%,465.4K,0.004257614860170717,0.001729534498725297,0.0036712154849720758,-0.058,NEUTRAL,Active,08 Oct 2024,09 Oct 2024
RH,RH,Consumer Cyclical,6.0B,2.09,34.5M,154.11,,322.08,-0.015647921760391214,0.10498147385755442,2.21,16.99%,68.90%,1.0M,0.0,0.0,0.0,-0.569,SELL,Active,08 Oct 2024,09 Oct 2024
RHI,Robert Half Inc.,Industrials,6.9B,3.01,314.7M,22.19,3.17%,66.79,-0.00044896737503721833,-0.2403321201091901,0.77,19.94%,29.54%,415.9K,0.0077348177669384925,0.0022681105275017457,0.0049309981798838064,0,NEUTRAL,Inactive,08 Oct 2024,09 Oct 2024
RITM,Rithm Capital Corp.,Real Estate,5.5B,1.19,581.2M,8.96,9.38%,10.66,0.00756143667296787,-0.0018726591760299227,0.84,28.21%,21.75%,274.7K,-0.003990862016085655,0.0014336123740490167,0.0023060056712544807,0,NEUTRAL,Inactive,08 Oct 2024,09 Oct 2024
RJF,"Raymond James Financial, Inc.",Financial Services,25.7B,8.87,1.9B,14.08,1.44%,124.9,-0.0037489032463906744,0.12017937219730947,0.71,18.50%,25.48%,597.2K,0.0052110633872106986,0.001196746212456886,0.0028789505566057744,0,NEUTRAL,Inactive,08 Oct 2024,09 Oct 2024
RL,Ralph Lauren Corporation,Consumer Cyclical,12.1B,10.35,682.8M,18.8,1.70%,194.57,-0.005011506008693521,0.3493065187239945,0.99,26.61%,32.08%,686.9K,0.004542451550159143,0.0018366202992943221,0.004530882843063507,-0.55,SELL,Active,08 Oct 2024,09 Oct 2024
RNR,RenaissanceRe Holdings Ltd.,Financial Services,13.6B,51.9,2.6B,5.04,0.60%,261.47,0.030180055947362297,0.3340306122448981,0.19,56.36%,27.66%,372.7K,0.001403714328195828,0.00036348935274550467,0.0009404325070792362,0.736,BUY,Active,08 Oct 2024,09 Oct 2024
ROK,"Rockwell Automation, Inc.",Industrials,30.2B,8.81,1.0B,30.21,1.88%,266.16,-0.0039667689544195875,-0.142746714764236,1.36,28.93%,33.57%,1.2M,0.0014447063946552937,-0.00020163837217130904,0.00045679453605295,-0.309,SELL,Active,08 Oct 2024,09 Oct 2024
ROL,"Rollins, Inc.",Consumer Cyclical,23.9B,0.95,460.4M,51.89,1.22%,49.3,0.012320328542094338,0.12892145637737568,0.49,17.72%,23.78%,423.5K,0.0060245897942442644,0.0009510205126450231,0.004077758565143498,0,NEUTRAL,Inactive,08 Oct 2024,09 Oct 2024
ROST,"Ross Stores, Inc.",Consumer Cyclical,47.1B,6.2,2.1B,22.87,1.04%,141.82,0.01213245789323429,0.024785027819929237,0.79,21.22%,23.90%,1.4M,0.0005288918528104357,-0.0006189532731184742,-0.0018821894524928785,0.874,STRONG BUY,Active,08 Oct 2024,09 Oct 2024
RRC,Range Resources Corporation,Energy,7.7B,1.99,476.2M,15.89,1.01%,31.62,-0.01587301587301592,0.03876478318002627,0.76,30.39%,30.19%,519.4K,0.0,0.0,0.0,-0.213,NEUTRAL,Active,08 Oct 2024,09 Oct 2024
RYN,Rayonier Inc.,Real Estate,4.8B,1.01,149.4M,31.32,3.60%,31.63,-0.0009475679090335166,-0.05327746183777306,0.73,12.74%,20.48%,95.8K,-0.00041856918069682614,-0.0002586066986382114,-0.0009215056096954484,-0.087,NEUTRAL,Active,08 Oct 2024,09 Oct 2024
SAM,"The Boston Beer Company, Inc.",Consumer Defensive,3.2B,7.63,91.9M,35.61,,271.7,0.0013636531161316647,-0.21380826991521742,0.75,29.97%,29.27%,153.4K,0.006415182930641344,0.0015692298743490382,0.00435663139633661,-0.139,NEUTRAL,Active,08 Oct 2024,09 Oct 2024
SBAC,SBA Communications Corporation,Real Estate,25.6B,4.75,514.3M,50.24,1.64%,238.62,0.0038281940179209816,-0.059403208640466686,0.51,17.27%,25.81%,866.2K,-0.0004630416204681779,0.0013706054060312835,0.002245857671507123,0.292,NEUTRAL,Active,08 Oct 2024,09 Oct 2024
SCCO,Southern Copper Corporation,Basic Materials,88.9B,3.5,2.8B,32.32,2.12%,113.11,-0.03793484732499782,0.31416289067038466,1.36,53.19%,41.62%,629.0K,0.002166934200159931,-0.0005054395006370137,-0.0007821375389437763,0.144,NEUTRAL,Active,08 Oct 2024,09 Oct 2024
SCHW,The Charles Schwab Corporation,Financial Services,118.7B,2.4,4.4B,27.04,1.54%,64.9,0.009488256338466314,-0.056686046511627786,0.79,17.17%,32.76%,3.5M,0.0013557323735714842,-0.0001444243350081982,-0.0015070166479959366,0.477,BUY,Active,08 Oct 2024,09 Oct 2024
SEB,Seaboard Corporation,Industrials,3.0B,256.67,273.0M,12.17,0.29%,3122.52,0.00019859700823213135,-0.12536903728186885,0.12,17.11%,19.14%,7.4M,-0.0019440840713848906,-0.0008415827938604056,-0.0012009790718452043,0.055,NEUTRAL,Active,08 Oct 2024,09 Oct 2024
SIRI,Sirius XM Holdings Inc.,Communication Services,7.9B,3.3,1.3B,7.1,4.54%,23.42,0.012975778546712833,3.281535648994516,1.42,40.22%,468.71%,693.2K,-0.0021580305342346804,0.0011517008465515978,0.0035596315758752058,0.402,BUY,Active,08 Oct 2024,09 Oct 2024
SJM,The J. M. Smucker Company,Consumer Defensive,12.4B,7.08,745.3M,16.49,3.70%,116.78,0.005164400068858618,-0.07596138629529985,0.04,16.93%,22.75%,706.6K,-0.000991364746865325,0.0010113645594456557,0.004475560707576253,0,NEUTRAL,Inactive,08 Oct 2024,09 Oct 2024
SLM,SLM Corporation,Financial Services,5.0B,3.24,721.1M,7.05,1.93%,22.84,-0.0039249890972525014,0.19456066945606687,0.99,30.77%,32.01%,207.6K,-0.0033101420286545413,-0.000843395148770522,-0.0012033180519086175,0,NEUTRAL,Inactive,08 Oct 2024,09 Oct 2024
SPG,"Simon Property Group, Inc.",Real Estate,62.7B,7.88,2.6B,21.22,4.90%,167.23,-0.0016119402985075237,0.17239203589455976,0.9,13.37%,23.53%,949.0K,0.007501702067920961,0.006068587817794628,0.01011461186874123,0,NEUTRAL,Inactive,08 Oct 2024,09 Oct 2024
SPOT,Spotify Technology S.A.,Communication Services,74.4B,2.52,466.0M,146.98,,370.38,0.020471139275382303,0.9710499707306689,1.04,24.93%,35.16%,2.9M,0.0,0.0,0.0,0,NEUTRAL,Inactive,08 Oct 2024,09 Oct 2024
SPR,"Spirit AeroSystems Holdings, Inc.",Industrials,3.8B,-10.01,-1.2B,,,32.25,-0.006775485063135167,0.014789175582127088,0.4,19.51%,23.19%,675.8K,0.0034263414110727985,0.0012641543325243839,0.002170833340016044,-0.053,NEUTRAL,Active,08 Oct 2024,09 Oct 2024
SSNC,"SS&C Technologies Holdings, Inc.",Technology,18.1B,2.77,698.3M,26.6,1.36%,73.69,0.0050463720676487255,0.2058582883325151,0.82,10.96%,21.49%,342.4K,0.0038956921903206326,0.002516526742161674,0.005776040978241916,0.17,NEUTRAL,Active,08 Oct 2024,09 Oct 2024
SSRM,SSR Mining Inc.,Basic Materials,1.1B,-2.36,-480.1M,,5.07%,5.51,-0.0018115942028985121,-0.4879182156133829,1.61,46.05%,57.48%,156.6K,0.003999860398099122,0.0013896402714667357,0.001896798924254948,0,NEUTRAL,Inactive,08 Oct 2024,09 Oct 2024
STE,STERIS plc,Healthcare,22.4B,5.66,560.9M,40.14,1.00%,227.22,0.005309264666843592,0.033522856493063476,0.71,21.12%,20.18%,433.3K,0.008266085579881323,0.0043473739661866575,0.00971094647448829,0.296,NEUTRAL,Active,08 Oct 2024,09 Oct 2024
STWD,"Starwood Property Trust, Inc.",Real Estate,6.9B,1.1,343.8M,17.99,9.70%,19.79,0.0055894308943089145,-0.05851569933396767,1.11,17.43%,21.56%,329.7K,0.011334481257358763,0.005973426192692366,0.013461288993543331,0,NEUTRAL,Inactive,08 Oct 2024,09 Oct 2024
STZ,"Constellation Brands, Inc.",Consumer Defensive,43.9B,3.13,579.5M,77.04,1.68%,241.13,-0.00798123997202451,-0.0025646328852120146,0.51,28.68%,22.47%,1.4M,0.010686859493577146,0.005415651318865619,0.010831239434822329,-0.131,NEUTRAL,Active,08 Oct 2024,09 Oct 2024
SWK,"Stanley Black & Decker, Inc.",Industrials,16.4B,-1.81,-271.1M,,3.08%,106.54,0.0021634841501270243,0.08603465851172286,1.12,21.10%,36.23%,668.6K,0.003149819277157814,0.003758553639311406,0.008614767535839916,0,NEUTRAL,Inactive,08 Oct 2024,09 Oct 2024
SYF,Synchrony Financial,Financial Services,20.2B,7.16,3.0B,7.15,1.95%,51.19,-0.00736862516967234,0.3404032469232784,0.95,27.49%,33.49%,991.5K,0.0031170932963047013,0.00317745503105269,0.0056398877308266385,-0.743,SELL,Active,08 Oct 2024,09 Oct 2024
SYK,Stryker Corporation,Healthcare,133.7B,8.98,3.4B,39.06,0.91%,350.79,0.016370168627223836,0.17140853536365472,0.6,15.29%,21.12%,1.9M,0.0028528844628058422,0.0007948541073565158,0.001442335367771273,0,NEUTRAL,Inactive,08 Oct 2024,09 Oct 2024
TDC,Teradata Corporation,Technology,2.9B,0.64,62.0M,47.27,,30.25,0.0013240648791790514,-0.30475752700528613,1.14,24.22%,46.61%,193.2K,-0.0020802987572323484,0.0018463123235279968,0.004890836013423139,0.023,NEUTRAL,Active,08 Oct 2024,09 Oct 2024
TDG,TransDigm Group Incorporated,Industrials,77.2B,27.1,1.6B,50.76,,1375.62,0.01405771995134712,0.3598457888493474,0.98,24.49%,26.97%,787.1K,0.004187304994900973,0.0009963890766858572,0.0016417277777430175,0.433,BUY,Active,08 Oct 2024,09 Oct 2024
TEAM,Atlassian Corporation,Technology,43.7B,-1.16,-300.5M,,,168.02,0.0029248492807258946,-0.2936180946775414,1.3,37.97%,50.94%,1.8M,0.010481944452171703,0.004743344536934274,0.012406032329312554,0,NEUTRAL,Inactive,08 Oct 2024,09 Oct 2024
TECH,Bio-Techne Corporation,Healthcare,11.7B,1.05,168.1M,70.23,0.43%,73.74,0.002992383025027188,-0.04432348367029552,1.18,40.35%,40.29%,392.0K,0.0030591241282366425,0.001422377276745624,0.0033982659161265662,0.572,BUY,Active,08 Oct 2024,09 Oct 2024
TFSL,TFS Financial Corporation,Financial Services,3.5B,0.28,79.4M,44.68,9.03%,12.51,-0.006354249404289124,-0.1484002722940776,0.82,15.71%,23.98%,20.9K,0.000358192295947228,0.001126035027290869,0.002211008954179628,0,NEUTRAL,Inactive,08 Oct 2024,09 Oct 2024
TFX,Teleflex Incorporated,Healthcare,11.1B,5.59,264.8M,42.03,0.58%,234.95,0.008542239010988929,-0.05771236063206872,0.76,17.30%,24.24%,311.0K,0.0034038154092911723,0.0007362257210278342,0.0016259014507457338,0.236,NEUTRAL,Active,08 Oct 2024,09 Oct 2024
TGT,Target Corporation,Consumer Defensive,69.7B,9.68,4.5B,15.63,2.96%,151.32,0.015570469798657673,0.06249122314281706,0.79,24.44%,33.91%,3.2M,0.0011259334718566065,0.0011998859274241261,0.0022921842979138295,0,NEUTRAL,Inactive,08 Oct 2024,09 Oct 2024
TMUS,"T-Mobile US, Inc.",Communication Services,246.4B,7.98,9.5B,26.46,1.67%,211.17,0.013632218115489727,0.3170959895216115,0.24,8.58%,18.60%,3.6M,0.0005288536828563437,5.301294700808942e-05,-0.00025714099215894386,0.974,STRONG BUY,Active,08 Oct 2024,09 Oct 2024
TPX,"Tempur Sealy International, Inc.",Consumer Cyclical,9.0B,2.09,372.8M,24.89,1.00%,52.01,-0.00440275650842274,0.02040415930939767,1.21,13.97%,31.81%,471.9K,-0.0017490970952462597,0.002668876463461081,0.006268479083537268,0,NEUTRAL,Inactive,08 Oct 2024,09 Oct 2024
TTWO,"Take-Two Interactive Software, Inc.",Communication Services,26.8B,-22.32,-3.8B,,,152.94,0.004796005518691214,-0.04976700838769799,0.77,23.53%,25.50%,1.2M,0.002117187798294307,-0.0008136305809580797,-0.0018046931665423346,0.214,NEUTRAL,Active,08 Oct 2024,09 Oct 2024
TW,Tradeweb Markets Inc.,Financial Services,29.1B,2.02,432.9M,66.07,0.30%,133.46,0.006713434412008862,0.468529929577465,0.54,23.53%,22.34%,464.2K,0.002640390598196982,0.0009832007765200154,0.0033183346665133766,0,NEUTRAL,Inactive,08 Oct 2024,09 Oct 2024
UAL,"United Airlines Holdings, Inc.",Industrials,19.7B,8.92,2.9B,6.73,,60.01,0.014025008448800242,0.45443528841492975,1.4,54.97%,46.46%,2.7M,0.009730126439944076,0.002422913084427226,0.0033342760472800975,0,NEUTRAL,Inactive,08 Oct 2024,09 Oct 2024
UBER,"Uber Technologies, Inc.",Technology,160.0B,0.92,2.0B,82.79,,76.17,0.021182464137283794,0.23712847165827516,1.52,20.64%,42.86%,9.2M,-0.0008804360093499508,0.0028282471179211857,0.005641410209898479,0,NEUTRAL,Inactive,08 Oct 2024,09 Oct 2024
UDR,"UDR, Inc.",Real Estate,16.6B,0.41,133.0M,107.56,3.85%,44.1,-0.0024881248586292566,0.16440869953238826,0.71,9.90%,16.41%,615.2K,-0.00043530395255428366,0.0007635268402329506,0.0014003376715671983,0,NEUTRAL,Inactive,08 Oct 2024,09 Oct 2024
UHAL,U-Haul Holding Company,Industrials,13.0B,2.72,567.3M,27.85,,75.74,-0.017639429312581056,0.05487465181058493,1.07,17.99%,24.99%,30.3K,-0.0006286480473730095,-0.000679379204575138,-0.0015777803474745801,-0.209,NEUTRAL,Active,08 Oct 2024,09 Oct 2024
UHS,"Universal Health Services, Inc.",Healthcare,14.2B,13.6,934.2M,15.62,0.38%,212.5,-0.0013628459984021432,0.3939910784570979,0.66,25.53%,31.10%,531.5K,0.002507988687201644,-9.143764305783277e-05,-0.0005894153940639296,-0.272,NEUTRAL,Active,08 Oct 2024,09 Oct 2024
UNP,Union Pacific Corporation,Industrials,144.7B,10.64,6.5B,22.33,2.26%,237.56,0.0029129902478152478,-0.03281491735200717,0.58,12.04%,18.26%,2.5M,0.0019296054338943625,0.0009635258894215601,0.002324189087844548,0.073,NEUTRAL,Active,08 Oct 2024,09 Oct 2024
UPS,"United Parcel Service, Inc.",Industrials,112.2B,6.13,5.3B,21.36,4.98%,130.96,-0.0018292682926827797,-0.16708007377726886,0.77,20.74%,32.34%,3.1M,0.005445244520715503,0.0011902820454702658,0.0019795409090316344,-0.074,NEUTRAL,Active,08 Oct 2024,09 Oct 2024
URI,"United Rentals, Inc.",Industrials,52.9B,37.83,2.6B,21.14,0.82%,799.71,-0.003190945691600017,0.3946322067594435,1.71,14.63%,37.42%,1.5M,0.004264143322735896,0.0020498671187227525,0.003737335847221701,-0.307,SELL,Active,08 Oct 2024,09 Oct 2024
VIRT,"Virtu Financial, Inc.",Financial Services,5.0B,1.99,178.7M,16.12,2.99%,32.08,0.011668243456322846,0.5834155972359326,-0.04,20.24%,43.14%,155.9K,0.003994034111352661,-0.00014399401192823525,-0.0006712985695701275,0.457,BUY,Active,08 Oct 2024,09 Oct 2024
VMC,Vulcan Materials Company,Basic Materials,31.5B,6.93,923.2M,34.37,0.77%,238.19,0.0006721841784648851,0.04924893176512051,1.08,16.47%,28.79%,862.3K,0.0020475519748614822,0.00033943645023220995,0.00023767528010106638,0,NEUTRAL,Inactive,08 Oct 2024,09 Oct 2024
VRT,Vertiv Holdings Co,Industrials,40.1B,1.28,498.9M,83.45,0.09%,106.82,0.0008432493207157237,1.22402665001041,2.56,34.47%,65.12%,4.1M,0.0038292152769497643,0.0013288735783497417,0.002442724751502871,0,NEUTRAL,Inactive,08 Oct 2024,09 Oct 2024
VRTX,Vertex Pharmaceuticals Incorporated,Healthcare,118.5B,-1.97,-489.9M,,,458.94,0.023049487293802885,0.12792155127921553,0.63,20.53%,20.49%,2.1M,0.0,0.0,0.0,0.892,STRONG BUY,Active,08 Oct 2024,09 Oct 2024
VST,Vistra Corp.,Utilities,44.0B,1.36,477.0M,94.09,0.69%,127.96,-0.025215205302049334,2.321910695742471,1.74,63.61%,73.77%,2.8M,-0.001952530289690561,-0.0011181693565736777,-0.002074433827914884,0,NEUTRAL,Inactive,08 Oct 2024,09 Oct 2024
VTR,"Ventas, Inc.",Real Estate,25.9B,-0.37,-156.9M,,2.89%,62.38,-0.0038326413286489123,0.2516051364365971,0.59,14.14%,17.25%,605.3K,0.0066193105648791675,0.0032353537791579706,0.004993907417837411,-0.46,SELL,Active,08 Oct 2024,09 Oct 2024
VVV,Valvoline Inc.,Consumer Cyclical,5.1B,1.46,200.4M,27.3,,39.86,-0.00993541977148531,0.06067056945183612,1.04,21.76%,32.86%,301.6K,0.0,0.0,0.0,-0.88,STRONG SELL,Active,08 Oct 2024,09 Oct 2024
WAB,Westinghouse Air Brake Technologies Corporation,Industrials,31.9B,5.7,1.0B,31.93,0.44%,181.99,-0.0003295797857731517,0.43412135539795116,0.86,10.47%,23.26%,705.9K,0.001021123094175441,0.004730891351693608,0.012425472958255534,0.088,NEUTRAL,Active,08 Oct 2024,09 Oct 2024
WAT,Waters Corporation,Healthcare,21.3B,10.01,595.7M,35.86,,358.91,0.025691586648376796,0.09014974334052184,1.07,28.39%,29.24%,563.0K,-0.00037060012544061103,-0.0004016445969566426,0.0005638082833609123,-0.046,NEUTRAL,Active,08 Oct 2024,09 Oct 2024
WCC,"WESCO International, Inc.",Industrials,8.1B,12.86,665.8M,12.81,1.00%,164.69,0.0035342148558892453,-0.05285254198297675,2.03,35.58%,41.19%,505.1K,0.0027790712374090166,0.0007085493383939253,0.0006132131535424978,0.17,NEUTRAL,Active,08 Oct 2024,09 Oct 2024
WDC,Western Digital Corporation,Technology,22.9B,-2.61,-852.0M,,,66.17,-0.004063816977724202,0.263509642925339,1.8,38.77%,47.52%,2.2M,0.008730240929344924,0.0021225326248159415,0.004268608955154504,0,NEUTRAL,Inactive,08 Oct 2024,09 Oct 2024
WEC,"WEC Energy Group, Inc.",Utilities,29.8B,4.33,1.4B,21.79,3.54%,94.35,0.0022307202039514953,0.12094570512058919,0.15,11.59%,15.24%,893.1K,0.009446795309772115,0.0037529665347433455,0.008458778040728705,0,NEUTRAL,Inactive,08 Oct 2024,09 Oct 2024
WFC,Wells Fargo & Company,Financial Services,195.0B,4.88,17.6B,11.74,2.79%,57.3,0.00244926522043388,0.16416091019910603,0.72,34.37%,34.68%,6.3M,-0.0014111547495286466,0.0005775183622440452,0.0017704877197881601,0,NEUTRAL,Inactive,08 Oct 2024,09 Oct 2024
WMS,"Advanced Drainage Systems, Inc.",Industrials,11.9B,6.33,497.7M,24.28,0.42%,153.67,-0.004599041326596761,0.09264789533560866,1.53,24.01%,40.00%,325.9K,0.0015659519688400703,0.001301658723094818,0.003278895406120119,-0.493,SELL,Active,08 Oct 2024,09 Oct 2024
WMT,Walmart Inc.,Consumer Defensive,640.7B,1.92,15.6B,41.52,1.04%,79.71,0.007711757269279387,-0.4943862987630828,0.95,19.29%,19.80%,6.7M,0.005423656466272477,-0.00045733237008960574,-0.0011691052386877936,0.366,BUY,Active,08 Oct 2024,09 Oct 2024
WRB,W. R. Berkley Corporation,Financial Services,21.9B,3.8,1.5B,15.12,0.53%,57.47,0.017528328611898052,-0.18735859728506787,0.21,25.64%,26.32%,454.9K,-0.0006097162379659156,-0.00027638244251960634,-6.973197779708424e-05,0.378,BUY,Active,08 Oct 2024,09 Oct 2024
WSC,WillScot Holdings Corporation,Industrials,6.9B,0.96,187.2M,38.01,,36.49,-0.01882226404947555,-0.17999999999999997,1.1,20.32%,42.66%,518.1K,0.0030199842416254088,0.0012811920326456579,0.003215054361689169,-0.456,SELL,Active,08 Oct 2024,09 Oct 2024
WSM,"Williams-Sonoma, Inc.",Consumer Cyclical,18.9B,8.33,1.1B,17.95,1.52%,149.53,-0.0006015238604464871,-0.2556600796259036,1.46,24.83%,49.26%,1.2M,0.0008611207575086703,0.00021559654326140984,0.0010596537749309788,-0.004,NEUTRAL,Active,08 Oct 2024,09 Oct 2024
WSO,"Watsco, Inc.",Industrials,20.0B,13.13,485.5M,37.73,2.18%,495.37,0.01779293624540286,0.16312733493638923,1.2,17.77%,29.16%,445.3K,0.0006630780387277555,0.0008134073440521358,0.0017048336211227446,1.01,STRONG BUY,Active,08 Oct 2024,09 Oct 2024
WST,"West Pharmaceutical Services, Inc.",Healthcare,20.8B,7.02,524.9M,40.81,0.28%,286.48,-0.013566558776943727,-0.18597425225875938,0.83,24.19%,43.31%,721.0K,0.0010235777256396939,0.0018647405103873634,0.003918889903024376,-0.688,SELL,Active,08 Oct 2024,09 Oct 2024
WWD,"Woodward, Inc.",Industrials,9.6B,5.99,372.3M,26.9,0.62%,161.13,-0.027638645827047326,0.18364798354514067,0.86,24.10%,46.82%,270.1K,-0.0008753958667974617,0.002356267848485108,0.005325996883655386,-0.9,STRONG SELL,Active,08 Oct 2024,09 Oct 2024
X,United States Steel Corporation,Basic Materials,7.9B,2.29,573.0M,15.4,0.57%,35.26,-0.003673354054817817,-0.27523124357656736,0.63,31.99%,56.53%,1.4M,0.011109830431322838,0.006256704057017124,0.010992336370944,-0.329,SELL,Active,08 Oct 2024,09 Oct 2024
XPO,"XPO, Inc.",Industrials,12.5B,3.02,361.0M,35.57,,107.41,0.01955386805885147,0.22628153898846892,1.59,25.86%,44.16%,855.6K,0.005988823648044813,0.003119614669807793,0.006494112937314121,0.884,STRONG BUY,Active,08 Oct 2024,09 Oct 2024
XRAY,DENTSPLY SIRONA Inc.,Healthcare,5.0B,-0.86,-185.0M,,2.61%,24.48,0.0,-0.3121663388592302,0.79,41.15%,36.83%,501.7K,-0.003020280497616523,-6.843217544234579e-05,-0.00020407591824858767,0.046,NEUTRAL,Active,08 Oct 2024,09 Oct 2024
YETI,"YETI Holdings, Inc.",Consumer Cyclical,3.5B,2.15,187.5M,19.37,,41.65,0.00048042277203929907,-0.19563538045577447,1.44,24.39%,48.52%,379.4K,0.003080158465439932,0.0005439490179394089,0.0012097661782284,0.229,NEUTRAL,Active,08 Oct 2024,09 Oct 2024
Z,"Zillow Group, Inc.",Communication Services,14.4B,-0.61,-141.0M,,,62.26,0.02468729427254773,0.07604562737642583,2.06,27.72%,54.52%,1.1M,0.023981817219042918,0.009670628905271428,0.023504775358542698,0.851,STRONG BUY,Active,08 Oct 2024,09 Oct 2024
ZG,"Zillow Group, Inc.",Communication Services,14.4B,-0.61,-141.0M,,,60.35,0.024791985056885735,0.06399858956276451,2.1,27.92%,54.78%,170.0K,0.015854119860855127,0.010875894115609018,0.024508603020755124,0,NEUTRAL,Inactive,08 Oct 2024,09 Oct 2024
